country,origin,system,status,url,date_recorded
Russia,23px-Soviet Union.svg,1 T-72A,captured,https://web.archive.org/web/20220303195838/https://i.postimg.cc/JhJ6G2t4/5422.png ,2022-03-03
Russia,23px-Soviet Union.svg,1 T-72AV,captured,https://web.archive.org/web/20220303195838/https://i.postimg.cc/RVcS60gy/gd3.png ,2022-03-03
Russia,23px-Soviet Union.svg,8 T-72B,destroyed,https://web.archive.org/web/20220303195838/https://i.postimg.cc/PqJmywns/890.png,2022-03-03
Russia,23px-Soviet Union.svg,8 T-72B,destroyed,https://web.archive.org/web/20220303195838/https://i.postimg.cc/PJyDTMvz/3f.png,2022-03-03
Russia,23px-Soviet Union.svg,8 T-72B,captured,https://web.archive.org/web/20220303195838/https://i.postimg.cc/q78RX85k/v43.png,2022-03-03
Russia,23px-Soviet Union.svg,8 T-72B,abandoned,https://web.archive.org/web/20220303195838/https://i.postimg.cc/1tvs3GFY/470.png,2022-03-03
Russia,23px-Soviet Union.svg,8 T-72B,abandoned,https://web.archive.org/web/20220303195838/https://i.postimg.cc/sfLpFS54/4566.png,2022-03-03
Russia,23px-Soviet Union.svg,8 T-72B,damaged,https://web.archive.org/web/20220303195838/https://i.postimg.cc/8zz8WcH7/763.png,2022-03-03
Russia,23px-Soviet Union.svg,8 T-72B,captured,https://web.archive.org/web/20220303195838/https://i.postimg.cc/26mGDmRD/m4.png,2022-03-03
Russia,23px-Soviet Union.svg,8 T-72B,captured,https://web.archive.org/web/20220303195838/https://i.postimg.cc/7ZrSybRL/d29.png,2022-03-03
Russia,23px-Russia.svg,2 T-72B Obr. 1989,abandoned,https://web.archive.org/web/20220303195838/https://i.postimg.cc/rsFyfrR7/h8.png,2022-03-03
Russia,23px-Russia.svg,2 T-72B Obr. 1989,captured,https://web.archive.org/web/20220303195838/https://i.postimg.cc/NM8vPWBX/669.png,2022-03-03
Russia,23px-Russia.svg,6 T-72B3,destroyed,https://web.archive.org/web/20220303195838/https://i.postimg.cc/Xqy5KYn3/55u.png,2022-03-03
Russia,23px-Russia.svg,6 T-72B3,destroyed,https://web.archive.org/web/20220303195838/https://i.postimg.cc/9MgnjkFX/6hh.png,2022-03-03
Russia,23px-Russia.svg,6 T-72B3,damaged,https://web.archive.org/web/20220303195838/https://i.postimg.cc/zfTsVnsF/579.png ,2022-03-03
Russia,23px-Russia.svg,6 T-72B3,captured,https://web.archive.org/web/20220303195838/https://i.postimg.cc/FzSnwdhF/j77.png,2022-03-03
Russia,23px-Russia.svg,6 T-72B3,captured,https://web.archive.org/web/20220303195838/https://i.postimg.cc/hPHLMRrc/65h.png,2022-03-03
Russia,23px-Russia.svg,15 T-72B3M,destroyed,https://web.archive.org/web/20220303195838/https://i.postimg.cc/hGdX1BWT/346.png,2022-03-03
Russia,23px-Russia.svg,15 T-72B3M,destroyed,https://web.archive.org/web/20220303195838/https://i.postimg.cc/ZnNgPmr9/3322.png,2022-03-03
Russia,23px-Russia.svg,15 T-72B3M,destroyed,https://web.archive.org/web/20220303195838/https://i.postimg.cc/xCm0kLJ2/3325.png,2022-03-03
Russia,23px-Russia.svg,15 T-72B3M,destroyed,https://web.archive.org/web/20220303195838/https://i.postimg.cc/L6tGr73p/bb665.png,2022-03-03
Russia,23px-Russia.svg,15 T-72B3M,destroyed,https://web.archive.org/web/20220303195838/https://i.postimg.cc/SRcKhb6c/cc6.png,2022-03-03
Russia,23px-Russia.svg,15 T-72B3M,abandoned,https://web.archive.org/web/20220303195838/https://i.postimg.cc/44PbCC3z/v44.png,2022-03-03
Russia,23px-Russia.svg,15 T-72B3M,abandoned,https://web.archive.org/web/20220303195838/https://i.postimg.cc/c6ysfCQt/c9.png,2022-03-03
Russia,23px-Russia.svg,15 T-72B3M,abandoned,https://web.archive.org/web/20220303195838/https://i.postimg.cc/prkfqWMs/b4.jpg,2022-03-03
Russia,23px-Russia.svg,15 T-72B3M,abandoned,https://web.archive.org/web/20220303195838/https://i.postimg.cc/G3jxcQTv/b55.jpg,2022-03-03
Russia,23px-Russia.svg,15 T-72B3M,abandoned,https://web.archive.org/web/20220303195838/https://i.postimg.cc/wjD6MWHq/ff47.png,2022-03-03
Russia,23px-Russia.svg,15 T-72B3M,abandoned,https://web.archive.org/web/20220303195838/https://i.postimg.cc/d1fyB4xk/bb87.png,2022-03-03
Russia,23px-Russia.svg,15 T-72B3M,captured,https://web.archive.org/web/20220303195838/https://i.postimg.cc/Rhx51CZ2/7799.png ,2022-03-03
Russia,23px-Russia.svg,15 T-72B3M,captured,https://web.archive.org/web/20220303195838/https://i.postimg.cc/nr9T81zN/77644.png,2022-03-03
Russia,23px-Russia.svg,15 T-72B3M,captured,https://web.archive.org/web/20220303195838/https://i.postimg.cc/SR1fCMXS/m3.png,2022-03-03
Russia,23px-Russia.svg,15 T-72B3M,captured,https://web.archive.org/web/20220303195838/https://i.postimg.cc/xT11NQbP/f686.png,2022-03-03
Russia,23px-Soviet Union.svg,6 T-80BV,destroyed,https://web.archive.org/web/20220303195838/https://i.postimg.cc/fRTVS0Tt/7u5.png,2022-03-03
Russia,23px-Soviet Union.svg,6 T-80BV,abandoned,https://web.archive.org/web/20220303195838/https://i.postimg.cc/fbx3fPBg/665f.jpg,2022-03-03
Russia,23px-Soviet Union.svg,6 T-80BV,abandoned,https://web.archive.org/web/20220303195838/https://i.postimg.cc/X7GD7K2Y/h66.jpg,2022-03-03
Russia,23px-Soviet Union.svg,6 T-80BV,captured,https://web.archive.org/web/20220303195838/https://i.postimg.cc/63bVWQwX/470.png,2022-03-03
Russia,23px-Soviet Union.svg,6 T-80BV,captured,https://web.archive.org/web/20220303195838/https://i.postimg.cc/1zNj1Pjv/44355.png,2022-03-03
Russia,23px-Russia.svg,15 T-80U,destroyed,https://web.archive.org/web/20220303195838/https://i.postimg.cc/NM9ys7Kt/c8.png,2022-03-03
Russia,23px-Russia.svg,15 T-80U,destroyed,https://web.archive.org/web/20220303195838/https://i.postimg.cc/tJP6fPZC/n77.png,2022-03-03
Russia,23px-Russia.svg,15 T-80U,destroyed,https://web.archive.org/web/20220303195838/https://i.postimg.cc/F1tnjNHH/f431.png,2022-03-03
Russia,23px-Russia.svg,15 T-80U,abandoned,https://web.archive.org/web/20220303195838/https://i.postimg.cc/zBWcnK9S/n546.png,2022-03-03
Russia,23px-Russia.svg,15 T-80U,abandoned,https://web.archive.org/web/20220303195838/https://i.postimg.cc/Bb1f2rCj/b8.jpg,2022-03-03
Russia,23px-Russia.svg,15 T-80U,abandoned,https://web.archive.org/web/20220303195838/https://i.postimg.cc/8Ck7L8Zk/m88.png,2022-03-03
Russia,23px-Russia.svg,15 T-80U,abandoned,https://web.archive.org/web/20220303195838/https://i.postimg.cc/L6bcSj1H/77633.png,2022-03-03
Russia,23px-Russia.svg,15 T-80U,abandoned,https://web.archive.org/web/20220303195838/https://i.postimg.cc/Y0bvnMbC/l8.png,2022-03-03
Russia,23px-Russia.svg,15 T-80U,abandoned,https://web.archive.org/web/20220303195838/https://i.postimg.cc/6pZrMGJj/5554.png,2022-03-03
Russia,23px-Russia.svg,15 T-80U,abandoned,https://web.archive.org/web/20220303195838/https://i.postimg.cc/fT1zwVth/l2.png,2022-03-03
Russia,23px-Russia.svg,15 T-80U,abandoned,https://web.archive.org/web/20220303195838/https://i.postimg.cc/Kjw2vWY5/l3.png,2022-03-03
Russia,23px-Russia.svg,15 T-80U,abandoned,https://web.archive.org/web/20220303195838/https://i.postimg.cc/prNhDTGN/n77.png ,2022-03-03
Russia,23px-Russia.svg,15 T-80U,captured,https://web.archive.org/web/20220303195838/https://i.postimg.cc/7LFzTNhH/5466.png,2022-03-03
Russia,23px-Russia.svg,15 T-80U,captured,https://web.archive.org/web/20220303195838/https://i.postimg.cc/cJVPv63q/4432.png,2022-03-03
Russia,23px-Russia.svg,15 T-80U,captured,https://web.archive.org/web/20220303195838/https://i.postimg.cc/XY9XK8Qj/f25.png,2022-03-03
Russia,23px-Russia.svg,2 T-80UD,abandoned,https://web.archive.org/web/20220303195838/https://i.postimg.cc/2Src3YPH/b67.png,2022-03-03
Russia,23px-Russia.svg,2 T-80UD,captured,https://web.archive.org/web/20220303195838/https://i.postimg.cc/wvpsxc0S/33555.png,2022-03-03
Russia,23px-Russia.svg,4 T-80BVM,destroyed,https://web.archive.org/web/20220303195838/https://i.postimg.cc/2y474krg/336.png,2022-03-03
Russia,23px-Russia.svg,4 T-80BVM,abandoned,https://web.archive.org/web/20220303195838/https://i.postimg.cc/ZnF3nGrh/7uu.jpg,2022-03-03
Russia,23px-Russia.svg,4 T-80BVM,captured,https://web.archive.org/web/20220303195838/https://i.postimg.cc/pT8gPXns/g78.png,2022-03-03
Russia,23px-Russia.svg,4 T-80BVM,captured,https://web.archive.org/web/20220303195838/https://i.postimg.cc/P5TGrLGL/6653.png,2022-03-03
Russia,23px-Russia.svg,4 T-90A,destroyed,https://web.archive.org/web/20220303195838/https://i.postimg.cc/R0vMN6Q3/546.png ,2022-03-03
Russia,23px-Russia.svg,4 T-90A,destroyed,https://web.archive.org/web/20220303195838/https://i.postimg.cc/nM8jX4k8/5422.png,2022-03-03
Russia,23px-Russia.svg,4 T-90A,abandoned,https://web.archive.org/web/20220303195838/https://i.postimg.cc/SN9XmtFx/v87.png,2022-03-03
Russia,23px-Russia.svg,4 T-90A,abandoned,https://web.archive.org/web/20220303195838/https://i.postimg.cc/Zq03PHXG/902.jpg,2022-03-03
Russia,23px-Russia.svg,1 Unknown tank,abandoned,https://web.archive.org/web/20220303195838/https://i.postimg.cc/vHYqqTjM/544.png,2022-03-03
Russia,23px-Soviet Union.svg,3 BRM-1K,destroyed,https://web.archive.org/web/20220303195838/https://postimg.cc/bGSbfRQm,2022-03-03
Russia,23px-Soviet Union.svg,3 BRM-1K,destroyed,https://web.archive.org/web/20220303195838/https://i.postimg.cc/gj3KbRGG/fsl.png,2022-03-03
Russia,23px-Soviet Union.svg,3 BRM-1K,destroyed,https://web.archive.org/web/20220303195838/https://i.postimg.cc/BnvpzjP1/s21.png,2022-03-03
Russia,23px-Soviet Union.svg,1 BMP-1Khs,abandoned,https://web.archive.org/web/20220303195838/https://i.postimg.cc/6qdwks4D/n7.jpg,2022-03-03
Russia,23px-Soviet Union.svg,25 MT-LB,destroyed,https://web.archive.org/web/20220303195838/https://i.postimg.cc/2SJG2hyJ/9po.png,2022-03-03
Russia,23px-Soviet Union.svg,25 MT-LB,destroyed,https://web.archive.org/web/20220303195838/https://i.postimg.cc/0QPGdgX4/6658.png,2022-03-03
Russia,23px-Soviet Union.svg,25 MT-LB,destroyed,https://web.archive.org/web/20220303195838/https://i.postimg.cc/XvpJbF2W/k9.png,2022-03-03
Russia,23px-Soviet Union.svg,25 MT-LB,destroyed,https://web.archive.org/web/20220303195838/https://i.postimg.cc/52P7zGLB/654.png,2022-03-03
Russia,23px-Soviet Union.svg,25 MT-LB,destroyed,https://web.archive.org/web/20220303195838/https://i.postimg.cc/D0fPPSmY/658.png,2022-03-03
Russia,23px-Soviet Union.svg,25 MT-LB,destroyed,https://web.archive.org/web/20220303195838/https://twitter.com/UAWeapons/status/1498757622211784707,2022-03-03
Russia,23px-Soviet Union.svg,25 MT-LB,abandoned,https://web.archive.org/web/20220303195838/https://i.postimg.cc/GpG26n3R/446.png,2022-03-03
Russia,23px-Soviet Union.svg,25 MT-LB,abandoned,https://web.archive.org/web/20220303195838/https://i.postimg.cc/Y21qgqY7/7766.jpg,2022-03-03
Russia,23px-Soviet Union.svg,25 MT-LB,abandoned,https://web.archive.org/web/20220303195838/https://i.postimg.cc/mkwsnkyF/433.png,2022-03-03
Russia,23px-Soviet Union.svg,25 MT-LB,abandoned,https://web.archive.org/web/20220303195838/https://i.postimg.cc/1z6127Wh/h54.png,2022-03-03
Russia,23px-Soviet Union.svg,25 MT-LB,abandoned,https://web.archive.org/web/20220303195838/https://i.postimg.cc/vHYqqTjM/544.png,2022-03-03
Russia,23px-Soviet Union.svg,25 MT-LB,abandoned,https://web.archive.org/web/20220303195838/https://i.postimg.cc/yNdpdVtm/d1.png,2022-03-03
Russia,23px-Soviet Union.svg,25 MT-LB,abandoned,https://web.archive.org/web/20220303195838/https://i.postimg.cc/dV6Sf0SG/6hf.png,2022-03-03
Russia,23px-Soviet Union.svg,25 MT-LB,captured,https://web.archive.org/web/20220303195838/https://i.postimg.cc/P5M1XV5z/58.png,2022-03-03
Russia,23px-Soviet Union.svg,25 MT-LB,captured,https://web.archive.org/web/20220303195838/https://i.postimg.cc/hjqg1p15/680.png,2022-03-03
Russia,23px-Soviet Union.svg,25 MT-LB,captured,https://web.archive.org/web/20220303195838/https://i.postimg.cc/R0zbsmLL/6659.png,2022-03-03
Russia,23px-Soviet Union.svg,25 MT-LB,captured,https://web.archive.org/web/20220303195838/https://i.postimg.cc/MGBV9R2s/4fs.png,2022-03-03
Russia,23px-Soviet Union.svg,25 MT-LB,captured,https://web.archive.org/web/20220303195838/https://i.postimg.cc/1tVLvyy0/764.png,2022-03-03
Russia,23px-Soviet Union.svg,25 MT-LB,captured,https://web.archive.org/web/20220303195838/https://i.postimg.cc/zBSQCqs2/b5.png,2022-03-03
Russia,23px-Soviet Union.svg,25 MT-LB,captured,https://web.archive.org/web/20220303195838/https://i.postimg.cc/BbNYQPQc/hh6.png,2022-03-03
Russia,23px-Soviet Union.svg,25 MT-LB,captured,https://web.archive.org/web/20220303195838/https://i.postimg.cc/sx950sSB/Screenshot-8457.png,2022-03-03
Russia,23px-Soviet Union.svg,25 MT-LB,captured,https://web.archive.org/web/20220303195838/https://i.postimg.cc/wTYJPs3P/Screenshot-8472.png,2022-03-03
Russia,23px-Soviet Union.svg,25 MT-LB,captured,https://web.archive.org/web/20220303195838/https://i.postimg.cc/ryRsk4jq/m1.png,2022-03-03
Russia,23px-Soviet Union.svg,25 MT-LB,captured,https://web.archive.org/web/20220303195838/https://i.postimg.cc/RVc03z28/m2.png,2022-03-03
Russia,23px-Soviet Union.svg,25 MT-LB,captured,https://web.archive.org/web/20220303195838/https://i.postimg.cc/Px6nHx7G/g33.jpg,2022-03-03
Russia,23px-Soviet Union.svg,1 MT-LB with ZU-23 AA gun,destroyed,https://web.archive.org/web/20220303195838/https://postimg.cc/kVDPCNz0,2022-03-03
Russia,23px-Soviet Union.svg,8 MT-LBu,destroyed,https://web.archive.org/web/20220303195838/https://i.postimg.cc/NfqgFR94/h65.png,2022-03-03
Russia,23px-Soviet Union.svg,8 MT-LBu,destroyed,https://web.archive.org/web/20220303195838/https://i.postimg.cc/CxhxWtzf/f7.png,2022-03-03
Russia,23px-Soviet Union.svg,8 MT-LBu,destroyed,https://web.archive.org/web/20220303195838/https://i.postimg.cc/Kjk98fz7/6533.png,2022-03-03
Russia,23px-Soviet Union.svg,8 MT-LBu,abandoned,https://web.archive.org/web/20220303195838/https://i.postimg.cc/gc14s4Fb/a2.png,2022-03-03
Russia,23px-Soviet Union.svg,8 MT-LBu,abandoned,https://web.archive.org/web/20220303195838/https://i.postimg.cc/sgntV80G/44fss.png,2022-03-03
Russia,23px-Soviet Union.svg,8 MT-LBu,abandoned,https://web.archive.org/web/20220303195838/https://i.postimg.cc/63JZBWDQ/b76.png,2022-03-03
Russia,23px-Soviet Union.svg,8 MT-LBu,captured,https://web.archive.org/web/20220303195838/https://i.postimg.cc/pV5ZRVDR/5548.png  ,2022-03-03
Russia,23px-Soviet Union.svg,8 MT-LBu,captured,https://web.archive.org/web/20220303195838/https://i.postimg.cc/bvVkFC2H/Screenshot-8472.png,2022-03-03
Russia,23px-Soviet Union.svg,1 1V13 battery fire control center,abandoned,https://web.archive.org/web/20220303195838/https://i.postimg.cc/CxMBs7WF/436.png,2022-03-03
Russia,23px-Soviet Union.svg,1 2S1 with ZU-23 AA gun,captured,https://web.archive.org/web/20220303195838/https://i.postimg.cc/Yq5q4HcW/88kj.png ,2022-03-03
Russia,23px-Soviet Union.svg,2 9P149 Shturm-S ATGM carrier,destroyed,https://web.archive.org/web/20220303195838/https://i.postimg.cc/FKPZs7Ws/874.png,2022-03-03
Russia,23px-Soviet Union.svg,2 9P149 Shturm-S ATGM carrier,abandoned,https://web.archive.org/web/20220303195838/https://i.postimg.cc/Qdw6LXPV/98u.png,2022-03-03
Russia,23px-Russia.svg,5 R-149MA1 unified command and staff vehicle,destroyed,https://web.archive.org/web/20220303195838/https://i.postimg.cc/gjrp8521/553.jpg,2022-03-03
Russia,23px-Russia.svg,5 R-149MA1 unified command and staff vehicle,damaged,https://web.archive.org/web/20220303195838/https://i.postimg.cc/jSgsKMn3/g553.jpg,2022-03-03
Russia,23px-Russia.svg,5 R-149MA1 unified command and staff vehicle,abandoned,https://web.archive.org/web/20220303195838/https://i.postimg.cc/TY9CCkH1/h6n.jpg,2022-03-03
Russia,23px-Russia.svg,5 R-149MA1 unified command and staff vehicle,captured,https://web.archive.org/web/20220303195838/https://i.postimg.cc/hG5hhQJp/59.png,2022-03-03
Russia,23px-Russia.svg,5 R-149MA1 unified command and staff vehicle,captured,https://web.archive.org/web/20220303195838/https://i.postimg.cc/kgBKhrFT/884.png,2022-03-03
Russia,23px-Soviet Union.svg,1 1V119 artillery battalion fire direction vehicle,captured,https://web.archive.org/web/20220303195838/https://i.postimg.cc/tgYSCmW7/g76.png,2022-03-03
Russia,23px-Soviet Union.svg,7 Unknown BTR-D/BMD-2,destroyed,https://web.archive.org/web/20220303195838/https://i.postimg.cc/FzfBpQX5/br1.jpg,2022-03-03
Russia,23px-Soviet Union.svg,7 Unknown BTR-D/BMD-2,destroyed,https://web.archive.org/web/20220303195838/https://i.postimg.cc/kM6Cw0cg/br2.jpg,2022-03-03
Russia,23px-Soviet Union.svg,7 Unknown BTR-D/BMD-2,destroyed,https://web.archive.org/web/20220303195838/https://i.postimg.cc/d31jmRdh/77690.jpg,2022-03-03
Russia,23px-Soviet Union.svg,7 Unknown BTR-D/BMD-2,destroyed,https://web.archive.org/web/20220303195838/https://i.postimg.cc/KvqgC9sz/o9.png,2022-03-03
Russia,23px-Soviet Union.svg,7 Unknown BTR-D/BMD-2,destroyed,https://web.archive.org/web/20220303195838/https://i.postimg.cc/9FMZcjhj/c7.png,2022-03-03
Russia,23px-Soviet Union.svg,7 Unknown BTR-D/BMD-2,destroyed,https://web.archive.org/web/20220303195838/https://i.postimg.cc/QdK7WkC4/c6.png,2022-03-03
Russia,23px-Soviet Union.svg,7 Unknown BTR-D/BMD-2,destroyed,https://web.archive.org/web/20220303195838/https://i.postimg.cc/bvF6gtDB/63.jpg,2022-03-03
Russia,23px-Russia.svg,1 Unknown AFV,destroyed,https://web.archive.org/web/20220303195838/https://i.postimg.cc/Fs4CpZw6/665h.png,2022-03-03
Russia,23px-Soviet Union.svg,3 BMP-1(P),captured,https://web.archive.org/web/20220303195838/https://i.postimg.cc/02K6dR7P/ff4k.png ,2022-03-03
Russia,23px-Soviet Union.svg,3 BMP-1(P),captured," 1 BMP-1P: (1, captured)",2022-03-03
Russia,23px-Soviet Union.svg,3 BMP-1(P),captured,https://web.archive.org/web/20220303195838/https://i.postimg.cc/sxG1jW4t/445.png,2022-03-03
Russia,23px-Soviet Union.svg,26 BMP-2,destroyed,https://web.archive.org/web/20220303195838/https://i.postimg.cc/RCtc2sB0/554.png,2022-03-03
Russia,23px-Soviet Union.svg,26 BMP-2,destroyed,https://web.archive.org/web/20220303195838/https://i.postimg.cc/26qYmmgL/668.png,2022-03-03
Russia,23px-Soviet Union.svg,26 BMP-2,destroyed,https://web.archive.org/web/20220303195838/https://i.postimg.cc/43mvcd15/b1.png,2022-03-03
Russia,23px-Soviet Union.svg,26 BMP-2,destroyed,https://web.archive.org/web/20220303195838/https://i.postimg.cc/NMX1NzS2/b2.png,2022-03-03
Russia,23px-Soviet Union.svg,26 BMP-2,destroyed,https://web.archive.org/web/20220303195838/https://i.postimg.cc/7Z1483JC/4433.png,2022-03-03
Russia,23px-Soviet Union.svg,26 BMP-2,destroyed,https://web.archive.org/web/20220303195838/https://i.postimg.cc/vHXP8qy9/65.png,2022-03-03
Russia,23px-Soviet Union.svg,26 BMP-2,destroyed,https://web.archive.org/web/20220303195838/https://i.postimg.cc/Xvkd415C/gg6.jpg,2022-03-03
Russia,23px-Soviet Union.svg,26 BMP-2,destroyed,https://web.archive.org/web/20220303195838/https://i.postimg.cc/0jNHTShm/542.png,2022-03-03
Russia,23px-Soviet Union.svg,26 BMP-2,destroyed,https://web.archive.org/web/20220303195838/https://i.postimg.cc/FRqXfttT/436.png,2022-03-03
Russia,23px-Soviet Union.svg,26 BMP-2,damaged,https://web.archive.org/web/20220303195838/https://i.postimg.cc/vBy9TRg0/77699.png,2022-03-03
Russia,23px-Soviet Union.svg,26 BMP-2,damaged,https://web.archive.org/web/20220303195838/https://i.postimg.cc/XYyYKfsy/Screenshot-8236.png,2022-03-03
Russia,23px-Soviet Union.svg,26 BMP-2,damaged,https://web.archive.org/web/20220303195838/https://i.postimg.cc/2jX5hmCS/u1.jpg,2022-03-03
Russia,23px-Soviet Union.svg,26 BMP-2,abandoned,https://web.archive.org/web/20220303195838/https://i.postimg.cc/5NY2mGtq/u2.jpg,2022-03-03
Russia,23px-Soviet Union.svg,26 BMP-2,abandoned,https://web.archive.org/web/20220303195838/https://i.postimg.cc/BQzv1YB0/Screenshot-8238.png,2022-03-03
Russia,23px-Soviet Union.svg,26 BMP-2,abandoned,https://web.archive.org/web/20220303195838/https://i.postimg.cc/tJM8dQNL/h77.png,2022-03-03
Russia,23px-Soviet Union.svg,26 BMP-2,abandoned,https://web.archive.org/web/20220303195838/https://i.postimg.cc/zBg2tRx0/436.png,2022-03-03
Russia,23px-Soviet Union.svg,26 BMP-2,abandoned,https://web.archive.org/web/20220303195838/https://i.postimg.cc/MGgQyPNn/ff22.png,2022-03-03
Russia,23px-Soviet Union.svg,26 BMP-2,abandoned,https://web.archive.org/web/20220303195838/https://i.postimg.cc/DwqTZzsJ/aa5.jpg,2022-03-03
Russia,23px-Soviet Union.svg,26 BMP-2,damaged,https://web.archive.org/web/20220303195838/https://i.postimg.cc/RhxT6Pz9/663.png,2022-03-03
Russia,23px-Soviet Union.svg,26 BMP-2,damaged,https://web.archive.org/web/20220303195838/https://i.postimg.cc/rF84w7J1/fsl.png,2022-03-03
Russia,23px-Soviet Union.svg,26 BMP-2,captured,https://web.archive.org/web/20220303195838/https://i.postimg.cc/T1HJcX0f/776.png,2022-03-03
Russia,23px-Soviet Union.svg,26 BMP-2,captured,https://web.archive.org/web/20220303195838/https://i.postimg.cc/QtN7DcKC/559.png,2022-03-03
Russia,23px-Soviet Union.svg,26 BMP-2,captured,https://web.archive.org/web/20220303195838/https://i.postimg.cc/Zn38wp9q/680.png,2022-03-03
Russia,23px-Soviet Union.svg,26 BMP-2,captured,https://web.archive.org/web/20220303195838/https://i.postimg.cc/Gpj4tR0j/g45.png,2022-03-03
Russia,23px-Soviet Union.svg,1 BMP-2K,abandoned,https://web.archive.org/web/20220303195838/https://i.postimg.cc/jSVTtfWY/aa4.jpg,2022-03-03
Russia,23px-Russia.svg,9 BMP-3,destroyed,https://web.archive.org/web/20220303195838/https://i.postimg.cc/ZRpWnkwZ/n89.png,2022-03-03
Russia,23px-Russia.svg,9 BMP-3,destroyed,https://web.archive.org/web/20220303195838/https://i.postimg.cc/yxCSy6Dk/f6.png,2022-03-03
Russia,23px-Russia.svg,9 BMP-3,abandoned,https://web.archive.org/web/20220303195838/https://i.postimg.cc/RCbVXLw4/3344.png,2022-03-03
Russia,23px-Russia.svg,9 BMP-3,abandoned,https://web.archive.org/web/20220303195838/https://i.postimg.cc/C1xS4R1R/332222.png,2022-03-03
Russia,23px-Russia.svg,9 BMP-3,captured,https://web.archive.org/web/20220303195838/https://i.postimg.cc/gc3DsCqV/Screenshot-8343.png,2022-03-03
Russia,23px-Russia.svg,9 BMP-3,captured,https://web.archive.org/web/20220303195838/https://i.postimg.cc/yYBTbLvw/Screenshot-8345.png,2022-03-03
Russia,23px-Russia.svg,9 BMP-3,captured,https://web.archive.org/web/20220303195838/https://i.postimg.cc/hvXc8qJx/653.png,2022-03-03
Russia,23px-Russia.svg,9 BMP-3,captured,https://web.archive.org/web/20220303195838/https://i.postimg.cc/qqbQM0mt/568.png,2022-03-03
Russia,23px-Russia.svg,9 BMP-3,captured,https://web.archive.org/web/20220303195838/https://i.postimg.cc/mgmbBB5G/547.png,2022-03-03
Russia,23px-Soviet Union.svg,12 BMD-2,destroyed,https://web.archive.org/web/20220303195838/https://i.postimg.cc/QtD182qg/tt6.jpg,2022-03-03
Russia,23px-Soviet Union.svg,12 BMD-2,destroyed,https://web.archive.org/web/20220303195838/https://i.postimg.cc/pTY5BZzR/b7.png,2022-03-03
Russia,23px-Soviet Union.svg,12 BMD-2,destroyed,https://web.archive.org/web/20220303195838/https://i.postimg.cc/qqxLSbMj/f56.png,2022-03-03
Russia,23px-Soviet Union.svg,12 BMD-2,damaged,https://web.archive.org/web/20220303195838/https://i.postimg.cc/hvdB25Hw/j2.jpg,2022-03-03
Russia,23px-Soviet Union.svg,12 BMD-2,abandoned,https://web.archive.org/web/20220303195838/https://i.postimg.cc/xjLsrGfV/79.png,2022-03-03
Russia,23px-Soviet Union.svg,12 BMD-2,abandoned,https://web.archive.org/web/20220303195838/https://i.postimg.cc/W4N1CS83/v1.png,2022-03-03
Russia,23px-Soviet Union.svg,12 BMD-2,abandoned,https://web.archive.org/web/20220303195838/https://i.postimg.cc/R0G3QWB8/g6.jpg,2022-03-03
Russia,23px-Soviet Union.svg,12 BMD-2,abandoned,https://web.archive.org/web/20220303195838/https://i.postimg.cc/yxkdsj2X/8879.jpg,2022-03-03
Russia,23px-Soviet Union.svg,12 BMD-2,damaged,https://web.archive.org/web/20220303195838/https://i.postimg.cc/MTmVp6Hz/c5.png,2022-03-03
Russia,23px-Soviet Union.svg,12 BMD-2,captured,https://web.archive.org/web/20220303195838/https://i.postimg.cc/rssnsRcT/5799.png,2022-03-03
Russia,23px-Soviet Union.svg,12 BMD-2,captured,https://web.archive.org/web/20220303195838/https://i.postimg.cc/bJrQTfV9/874.png,2022-03-03
Russia,23px-Soviet Union.svg,12 BMD-2,captured,https://web.archive.org/web/20220303195838/https://i.postimg.cc/85LwdnhZ/4566.png,2022-03-03
Russia,23px-Russia.svg,3 BMD-4M,destroyed,https://web.archive.org/web/20220303195838/https://i.postimg.cc/gjmtWttx/548.png,2022-03-03
Russia,23px-Russia.svg,3 BMD-4M,abandoned,https://web.archive.org/web/20220303195838/https://i.postimg.cc/MZy05BrN/674.png ,2022-03-03
Russia,23px-Russia.svg,3 BMD-4M,captured,https://web.archive.org/web/20220303195838/https://i.postimg.cc/yxpPqbzX/f44.png,2022-03-03
Russia,23px-Russia.svg,17 BTR-82A,destroyed,https://web.archive.org/web/20220303195838/https://i.postimg.cc/85gFCPXs/bb1.png,2022-03-03
Russia,23px-Russia.svg,17 BTR-82A,destroyed,https://web.archive.org/web/20220303195838/https://i.postimg.cc/kXQV46L8/gg5.jpg,2022-03-03
Russia,23px-Russia.svg,17 BTR-82A,destroyed,https://web.archive.org/web/20220303195838/https://i.postimg.cc/fLfVC59M/o9.png,2022-03-03
Russia,23px-Russia.svg,17 BTR-82A,destroyed,https://web.archive.org/web/20220303195838/https://i.postimg.cc/T2mBfj1J/3rr.png,2022-03-03
Russia,23px-Russia.svg,17 BTR-82A,destroyed,https://web.archive.org/web/20220303195838/https://i.postimg.cc/rwBjMGCL/f45.png,2022-03-03
Russia,23px-Russia.svg,17 BTR-82A,abandoned,https://web.archive.org/web/20220303195838/https://i.postimg.cc/J01GbYLL/bb2.png,2022-03-03
Russia,23px-Russia.svg,17 BTR-82A,abandoned,https://web.archive.org/web/20220303195838/https://i.postimg.cc/bJDw1Gdq/46.png,2022-03-03
Russia,23px-Russia.svg,17 BTR-82A,abandoned,https://web.archive.org/web/20220303195838/https://i.postimg.cc/Kc32fSfv/6658.png,2022-03-03
Russia,23px-Russia.svg,17 BTR-82A,abandoned,https://web.archive.org/web/20220303195838/https://i.postimg.cc/25DqyNfS/55448.png,2022-03-03
Russia,23px-Russia.svg,17 BTR-82A,damaged,https://web.archive.org/web/20220303195838/https://i.postimg.cc/j5kxgNCW/g66.jpg,2022-03-03
Russia,23px-Russia.svg,17 BTR-82A,damaged,https://web.archive.org/web/20220303195838/https://i.postimg.cc/BbS69p4N/66588.png,2022-03-03
Russia,23px-Russia.svg,17 BTR-82A,captured,https://web.archive.org/web/20220303195838/https://i.postimg.cc/vmkFs4Bx/4437.png,2022-03-03
Russia,23px-Russia.svg,17 BTR-82A,captured,https://web.archive.org/web/20220303195838/https://i.postimg.cc/jdHxdgRs/44f.png,2022-03-03
Russia,23px-Russia.svg,17 BTR-82A,captured,https://web.archive.org/web/20220303195838/https://i.postimg.cc/Y994gyQF/431.png,2022-03-03
Russia,23px-Russia.svg,17 BTR-82A,captured,https://web.archive.org/web/20220303195838/https://i.postimg.cc/Y994gyQF/431.png,2022-03-03
Russia,23px-Russia.svg,17 BTR-82A,captured,https://web.archive.org/web/20220303195838/https://i.postimg.cc/TY2FGgMp/gg5.png,2022-03-03
Russia,23px-Russia.svg,17 BTR-82A,captured,https://web.archive.org/web/20220303195838/https://i.postimg.cc/GpPxHgvr/65h.png,2022-03-03
Russia,23px-Soviet Union.svg,14 BTR-80,destroyed,https://web.archive.org/web/20220303195838/https://i.postimg.cc/Dwp3QN7Q/Screenshot-8275.png,2022-03-03
Russia,23px-Soviet Union.svg,14 BTR-80,destroyed,https://web.archive.org/web/20220303195838/https://i.postimg.cc/nzTPBQHM/n1.png,2022-03-03
Russia,23px-Soviet Union.svg,14 BTR-80,destroyed,https://web.archive.org/web/20220303195838/https://i.postimg.cc/ZRMNRmvg/g433.jpg,2022-03-03
Russia,23px-Soviet Union.svg,14 BTR-80,abandoned,https://web.archive.org/web/20220303195838/https://i.postimg.cc/gcn1yNwd/h6.png,2022-03-03
Russia,23px-Soviet Union.svg,14 BTR-80,abandoned,https://web.archive.org/web/20220303195838/https://i.postimg.cc/hGQ71FqT/h7.png,2022-03-03
Russia,23px-Soviet Union.svg,14 BTR-80,captured,https://web.archive.org/web/20220303195838/https://i.postimg.cc/cJCm25Z1/n2.png,2022-03-03
Russia,23px-Soviet Union.svg,14 BTR-80,captured,https://web.archive.org/web/20220303195838/https://i.postimg.cc/858P5L8g/Screenshot-8471.png,2022-03-03
Russia,23px-Soviet Union.svg,14 BTR-80,captured,https://web.archive.org/web/20220303195838/https://i.postimg.cc/qMBBzkFq/Screenshot-8469.png,2022-03-03
Russia,23px-Soviet Union.svg,14 BTR-80,captured,https://web.archive.org/web/20220303195838/https://i.postimg.cc/8cymMnKf/4433.png,2022-03-03
Russia,23px-Soviet Union.svg,14 BTR-80,captured,https://web.archive.org/web/20220303195838/https://i.postimg.cc/pXBzH5Qc/554.png,2022-03-03
Russia,23px-Soviet Union.svg,14 BTR-80,captured,https://web.archive.org/web/20220303195838/https://i.postimg.cc/J7gs84ZC/456.png,2022-03-03
Russia,23px-Soviet Union.svg,14 BTR-80,captured,https://web.archive.org/web/20220303195838/https://i.postimg.cc/8krZNc9h/545.png,2022-03-03
Russia,23px-Soviet Union.svg,14 BTR-80,captured,https://web.archive.org/web/20220303195838/https://i.postimg.cc/pLJKZRL1/23.png,2022-03-03
Russia,23px-Soviet Union.svg,13 BTR-D,destroyed,https://web.archive.org/web/20220303195838/https://i.postimg.cc/J4crJP7d/46.png,2022-03-03
Russia,23px-Soviet Union.svg,13 BTR-D,destroyed,https://web.archive.org/web/20220303195838/https://i.postimg.cc/T2VG5ZJL/x3.jpg,2022-03-03
Russia,23px-Soviet Union.svg,13 BTR-D,destroyed,https://web.archive.org/web/20220303195838/https://i.postimg.cc/hvBB3rct/x2.jpg,2022-03-03
Russia,23px-Soviet Union.svg,13 BTR-D,destroyed,https://web.archive.org/web/20220303195838/https://i.postimg.cc/kgBKhrFT/884.png,2022-03-03
Russia,23px-Soviet Union.svg,13 BTR-D,abandoned,https://web.archive.org/web/20220303195838/https://i.postimg.cc/W3rVnKRy/x1.jpg,2022-03-03
Russia,23px-Soviet Union.svg,13 BTR-D,abandoned,https://web.archive.org/web/20220303195838/https://i.postimg.cc/nzH4n8F8/6659.jpg,2022-03-03
Russia,23px-Soviet Union.svg,13 BTR-D,abandoned,https://web.archive.org/web/20220303195838/https://i.postimg.cc/cHHvDd1J/g7.jpg,2022-03-03
Russia,23px-Soviet Union.svg,13 BTR-D,abandoned,https://web.archive.org/web/20220303195838/https://i.postimg.cc/Y9V7fHyY/j1.jpg,2022-03-03
Russia,23px-Soviet Union.svg,13 BTR-D,abandoned,https://web.archive.org/web/20220303195838/https://i.postimg.cc/Vk3585Qr/547.png,2022-03-03
Russia,23px-Soviet Union.svg,13 BTR-D,abandoned,https://web.archive.org/web/20220303195838/https://i.postimg.cc/Dy5GN1B5/jj8.jpg,2022-03-03
Russia,23px-Soviet Union.svg,13 BTR-D,abandoned,https://web.archive.org/web/20220303195838/https://i.postimg.cc/cH7kMRrS/h76.png,2022-03-03
Russia,23px-Soviet Union.svg,13 BTR-D,captured,https://web.archive.org/web/20220303195838/https://i.postimg.cc/bN80m24w/6688.png,2022-03-03
Russia,23px-Russia.svg,1 BTR-MDM,captured,https://web.archive.org/web/20220303195838/https://i.postimg.cc/fbrPchDx/bb78.png,2022-03-03
Russia,23px-Russia.svg,3 KamAZ-63968 Typhoon,destroyed,https://web.archive.org/web/20220303195838/https://i.postimg.cc/T2Sqz4Dw/h7.png,2022-03-03
Russia,23px-Russia.svg,3 KamAZ-63968 Typhoon,captured,https://web.archive.org/web/20220303195838/https://postlmg.cc/sGfMhkCN,2022-03-03
Russia,23px-Russia.svg,3 KamAZ-63968 Typhoon,captured,https://web.archive.org/web/20220303195838/https://i.postimg.cc/8c2xJRvB/570.png,2022-03-03
Russia,23px-Russia.svg,1 K-4386 Typhoon-VDV,destroyed,https://web.archive.org/web/20220303195838/https://i.postimg.cc/vTpj86LK/ff4.jpg,2022-03-03
Russia,23px-Russia.svg,19 GAZ Tigr-M,destroyed,https://web.archive.org/web/20220303195838/https://i.postimg.cc/W1VpzFcv/5578.png,2022-03-03
Russia,23px-Russia.svg,19 GAZ Tigr-M,destroyed,https://web.archive.org/web/20220303195838/https://postimg.cc/f3bh0QRp,2022-03-03
Russia,23px-Russia.svg,19 GAZ Tigr-M,destroyed,https://web.archive.org/web/20220303195838/https://i.postimg.cc/RFjRh5VD/776d.png,2022-03-03
Russia,23px-Russia.svg,19 GAZ Tigr-M,destroyed,https://web.archive.org/web/20220303195838/https://postimg.cc/jnsX0hVw,2022-03-03
Russia,23px-Russia.svg,19 GAZ Tigr-M,destroyed,https://web.archive.org/web/20220303195838/https://i.postimg.cc/26Q08q6c/m9.png,2022-03-03
Russia,23px-Russia.svg,19 GAZ Tigr-M,destroyed,https://web.archive.org/web/20220303195838/https://i.postimg.cc/XYsxrSnW/Screenshot-8293.png,2022-03-03
Russia,23px-Russia.svg,19 GAZ Tigr-M,destroyed,https://web.archive.org/web/20220303195838/https://i.postimg.cc/pVGgCB1P/449.png,2022-03-03
Russia,23px-Russia.svg,19 GAZ Tigr-M,destroyed,https://web.archive.org/web/20220303195838/https://i.postimg.cc/5trrQyZ5/435.png,2022-03-03
Russia,23px-Russia.svg,19 GAZ Tigr-M,destroyed,https://web.archive.org/web/20220303195838/https://i.postimg.cc/7YDqZt1H/4435.png,2022-03-03
Russia,23px-Russia.svg,19 GAZ Tigr-M,damaged,https://web.archive.org/web/20220303195838/https://i.postimg.cc/ZKDrDbck/85.png,2022-03-03
Russia,23px-Russia.svg,19 GAZ Tigr-M,abandoned,https://web.archive.org/web/20220303195838/https://postimg.cc/KKD3Shmf,2022-03-03
Russia,23px-Russia.svg,19 GAZ Tigr-M,captured,https://web.archive.org/web/20220303195838/https://i.postimg.cc/JzBRKYtc/5j.png,2022-03-03
Russia,23px-Russia.svg,19 GAZ Tigr-M,captured,https://web.archive.org/web/20220303195838/https://i.postimg.cc/dVQxVhc7/58p.png,2022-03-03
Russia,23px-Russia.svg,19 GAZ Tigr-M,captured,https://web.archive.org/web/20220303195838/https://i.postimg.cc/BbVkvq1j/450.png,2022-03-03
Russia,23px-Russia.svg,19 GAZ Tigr-M,captured,https://web.archive.org/web/20220303195838/https://i.postimg.cc/fyL1Z3k4/448.png,2022-03-03
Russia,23px-Russia.svg,19 GAZ Tigr-M,captured,https://web.archive.org/web/20220303195838/https://i.postimg.cc/X7HWmbHB/7762.png,2022-03-03
Russia,23px-Russia.svg,19 GAZ Tigr-M,captured,https://web.archive.org/web/20220303195838/https://i.postimg.cc/sDRQNbwy/567.png,2022-03-03
Russia,23px-Russia.svg,1 GAZ Tigr-M with Arbalet-DM turret,destroyed,https://web.archive.org/web/20220303195838/https://i.postimg.cc/d3jBDjhh/Screenshot-8448.png,2022-03-03
Russia,23px-Russia.svg,5 Iveco LMV 'Rys',destroyed,https://web.archive.org/web/20220303195838/https://i.postimg.cc/TPmCH0KS/ff2.png,2022-03-03
Russia,23px-Russia.svg,5 Iveco LMV 'Rys',destroyed,https://web.archive.org/web/20220303195838/https://i.postimg.cc/fyNCwrR4/Screenshot-8447.png,2022-03-03
Russia,23px-Russia.svg,5 Iveco LMV 'Rys',destroyed,https://web.archive.org/web/20220303195838/https://i.postimg.cc/5y3npSgL/345.png,2022-03-03
Russia,23px-Russia.svg,5 Iveco LMV 'Rys',abandoned,https://web.archive.org/web/20220303195838/https://i.postimg.cc/sDCqXTNg/Screenshot-8445.png,2022-03-03
Russia,23px-Russia.svg,5 Iveco LMV 'Rys',captured,https://web.archive.org/web/20220303195838/https://i.postimg.cc/C5gfTFhF/680o.png,2022-03-03
Russia,23px-Russia.svg,1 MP-2IM signals vehicle,abandoned,https://web.archive.org/web/20220303195838/https://i.postimg.cc/wM1CmTC8/b89.png,2022-03-03
Russia,23px-Russia.svg,1 Barnaul-T 9С932-1 automated system for air defence units,abandoned,https://web.archive.org/web/20220303195838/https://i.postimg.cc/fTrQXZpK/g2.jpg,2022-03-03
Russia,23px-Russia.svg,2 R-166-0.5 signals vehicle,destroyed,https://web.archive.org/web/20220303195838/https://i.postimg.cc/65sVfNzw/57.png,2022-03-03
Russia,23px-Russia.svg,2 R-166-0.5 signals vehicle,abandoned,https://web.archive.org/web/20220303195838/https://i.postimg.cc/BQ3JL2hJ/g55.png,2022-03-03
Russia,23px-Russia.svg,1 R-419L1 communications station,abandoned,https://web.archive.org/web/20220303195838/https://i.postimg.cc/HWF2jVg6/5588.png,2022-03-03
Russia,23px-Russia.svg,1 Unknown communications station based on the KamAZ 6x6,damaged,https://web.archive.org/web/20220303195838/https://i.postimg.cc/DfxxKLnD/84.png,2022-03-03
Russia,23px-Russia.svg,1 Unknown communications station,destroyed,https://web.archive.org/web/20220303195838/https://i.postimg.cc/43B99JVP/57.png  ,2022-03-03
Russia,23px-Soviet Union.svg,2 UR-77 'Meterorit',abandoned,https://web.archive.org/web/20220303195838/https://i.postimg.cc/rppvJs6P/jj.jpg,2022-03-03
Russia,23px-Soviet Union.svg,2 UR-77 'Meterorit',captured,https://web.archive.org/web/20220303195838/https://i.postimg.cc/cCYk2x7p/3v.png,2022-03-03
Russia,23px-Soviet Union.svg,1 BAT-2 heavy engineering vehicle,destroyed,https://web.archive.org/web/20220303195838/https://i.postimg.cc/J7Pxb0Gk/8874.jpg,2022-03-03
Russia,23px-Soviet Union.svg,2 BREM-K armoured recovery vehicle,captured,https://web.archive.org/web/20220303195838/https://i.postimg.cc/mkmwnq7g/760.png,2022-03-03
Russia,23px-Soviet Union.svg,2 BREM-K armoured recovery vehicle,captured,https://web.archive.org/web/20220303195838/https://i.postimg.cc/QCTQ7QCg/Screenshot-8472.png,2022-03-03
Russia,23px-Soviet Union.svg,1 IMR-2 combat engineering vehicle,destroyed,https://web.archive.org/web/20220303195838/https://i.postimg.cc/xdbysNZ7/5548.png,2022-03-03
Russia,23px-Soviet Union.svg,7 TMM-3 bridge layer,destroyed,https://web.archive.org/web/20220303195838/https://i.postimg.cc/HxVW1CCJ/Screenshot-8212.png,2022-03-03
Russia,23px-Soviet Union.svg,7 TMM-3 bridge layer,abandoned,https://web.archive.org/web/20220303195838/https://i.postimg.cc/C1DyRDFk/h89.jpg,2022-03-03
Russia,23px-Soviet Union.svg,7 TMM-3 bridge layer,damaged,https://web.archive.org/web/20220303195838/https://i.postimg.cc/85dm6pjK/44565.png,2022-03-03
Russia,23px-Soviet Union.svg,7 TMM-3 bridge layer,captured,https://web.archive.org/web/20220303195838/https://i.postimg.cc/FRhY7mzP/75.png,2022-03-03
Russia,23px-Soviet Union.svg,7 TMM-3 bridge layer,captured,https://web.archive.org/web/20220303195838/https://i.postimg.cc/X7wjb8tg/Screenshot-8214.png,2022-03-03
Russia,23px-Soviet Union.svg,7 TMM-3 bridge layer,captured,https://web.archive.org/web/20220303195838/https://i.postimg.cc/Y0Fpjf0M/Screenshot-8216.png,2022-03-03
Russia,23px-Soviet Union.svg,7 TMM-3 bridge layer,captured,https://web.archive.org/web/20220303195838/https://i.postimg.cc/FHN9sS4X/Screenshot-8217.png,2022-03-03
Russia,23px-Soviet Union.svg,4 PMP floating bridge,destroyed,https://web.archive.org/web/20220303195838/https://i.postimg.cc/2SK7crq5/4g.png,2022-03-03
Russia,23px-Soviet Union.svg,4 PMP floating bridge,destroyed,https://web.archive.org/web/20220303195838/https://i.postimg.cc/vZ108y86/j767.jpg,2022-03-03
Russia,23px-Russia.svg,4 KamAZ-5350 with EOV-3523 excavator,destroyed,https://web.archive.org/web/20220303195838/https://i.postimg.cc/tTr6V12R/m99.jpg,2022-03-03
Russia,23px-Russia.svg,4 KamAZ-5350 with EOV-3523 excavator,captured,https://web.archive.org/web/20220303195838/https://i.postimg.cc/bvhJB8xz/774.png,2022-03-03
Russia,23px-Russia.svg,4 KamAZ-5350 with EOV-3523 excavator,captured,https://web.archive.org/web/20220303195838/https://i.postimg.cc/dQZQWvBp/Screenshot-8218.png,2022-03-03
Russia,23px-Russia.svg,4 KamAZ-5350 with EOV-3523 excavator,captured,https://web.archive.org/web/20220303195838/https://i.postimg.cc/T30TyPdL/Screenshot-8219.png,2022-03-03
Russia,23px-Russia.svg,1 KamAZ-5350 with KS-45719-7M crane,destroyed,https://web.archive.org/web/20220303195838/https://i.postimg.cc/m2PYCSvv/6y.jpg,2022-03-03
Russia,23px-Russia.svg,1 KamAZ-5350 with crane,destroyed,https://web.archive.org/web/20220303195838/https://i.postimg.cc/zXtR3QK8/744.png,2022-03-03
Russia,23px-Russia.svg,1 Ural-4320 Wrecker,damaged,https://web.archive.org/web/20220303195838/https://i.postimg.cc/SsQHDVNQ/5579.png  ,2022-03-03
Russia,23px-Soviet Union.svg,8 9M113 Konkurs,captured,https://web.archive.org/web/20220303195838/https://i.postimg.cc/1RfB2NxM/347.png,2022-03-03
Russia,23px-Soviet Union.svg,8 9M113 Konkurs,captured,https://web.archive.org/web/20220303195838/https://i.postimg.cc/W4N1CS83/v1.png,2022-03-03
Russia,23px-Soviet Union.svg,8 9M113 Konkurs,captured,https://web.archive.org/web/20220303195838/https://i.postimg.cc/bJrQTfV9/874.png,2022-03-03
Russia,23px-Soviet Union.svg,8 9M113 Konkurs,captured,https://web.archive.org/web/20220303195838/https://i.postimg.cc/sfc4VWKG/g54.png,2022-03-03
Russia,23px-Soviet Union.svg,1 9М131F Metis-M1,captured,https://web.archive.org/web/20220303195838/https://i.postimg.cc/kMwP5WQ0/8k.png,2022-03-03
Russia,23px-Soviet Union.svg,12 9M114 Kokon,captured,https://web.archive.org/web/20220303195838/https://i.postimg.cc/Qdw6LXPV/98u.png,2022-03-03
Russia,23px-Soviet Union.svg,1 9K38 Igla,captured,https://web.archive.org/web/20220303195838/https://i.postimg.cc/HLgyxQ2D/v2.png,2022-03-03
Russia,23px-Soviet Union.svg,1 120mm 2B11/2S12,captured,https://web.archive.org/web/20220303195838/https://i.postimg.cc/SKhJwYXP/4703.png,2022-03-03
Russia,23px-Russia.svg,1 120mm 2B11/2S12A,captured,https://web.archive.org/web/20220303195838/https://i.postimg.cc/x11CC0NR/550.png,2022-03-03
Russia,23px-Soviet Union.svg,4 122mm D-30 howitzer 2A18,destroyed,https://web.archive.org/web/20220303195838/https://i.postimg.cc/3wSr3YWv/g66.png,2022-03-03
Russia,23px-Soviet Union.svg,4 122mm D-30 howitzer 2A18,abandoned,https://web.archive.org/web/20220303195838/https://i.postimg.cc/zXqyhypY/Screenshot-8404.png,2022-03-03
Russia,23px-Soviet Union.svg,4 122mm D-30 howitzer 2A18,abandoned,https://web.archive.org/web/20220303195838/https://i.postimg.cc/DwP0wn1y/Screenshot-8485.png,2022-03-03
Russia,23px-Soviet Union.svg,4 122mm D-30 howitzer 2A18,abandoned,https://web.archive.org/web/20220303195838/https://i.postimg.cc/Fs5rrPFD/g66.png,2022-03-03
Russia,23px-Soviet Union.svg,4 152mm 2A65 Msta-B howitzer,destroyed,https://web.archive.org/web/20220303195838/https://i.postimg.cc/prGV0k4f/Screenshot-8069.png,2022-03-03
Russia,23px-Soviet Union.svg,4 152mm 2A65 Msta-B howitzer,destroyed,https://web.archive.org/web/20220303195838/https://i.postimg.cc/05cN22jz/Screenshot-8075.png,2022-03-03
Russia,23px-Soviet Union.svg,4 152mm 2A65 Msta-B howitzer,damaged,https://web.archive.org/web/20220303195838/https://i.postimg.cc/yYx8J43v/Screenshot-8073.png,2022-03-03
Russia,23px-Soviet Union.svg,4 152mm 2A65 Msta-B howitzer,captured,https://web.archive.org/web/20220303195838/https://postimg.cc/q6CYJkkd,2022-03-03
Russia,23px-Soviet Union.svg,2 120mm 2S9 Nona,destroyed,https://web.archive.org/web/20220303195838/https://i.postimg.cc/TPknCLcF/55433.jpg ,2022-03-03
Russia,23px-Soviet Union.svg,2 120mm 2S9 Nona,abandoned,https://web.archive.org/web/20220303195838/https://i.postimg.cc/KcgFMz7v/543.png,2022-03-03
Russia,23px-Soviet Union.svg,5 152mm 2S3 Akatsiya,destroyed,https://web.archive.org/web/20220303195838/https://i.postimg.cc/sxhcr26w/668.png,2022-03-03
Russia,23px-Soviet Union.svg,5 152mm 2S3 Akatsiya,abandoned,https://web.archive.org/web/20220303195838/https://i.postimg.cc/XqKGyZDp/Screenshot-8354.png,2022-03-03
Russia,23px-Soviet Union.svg,5 152mm 2S3 Akatsiya,abandoned,https://web.archive.org/web/20220303195838/https://i.postimg.cc/zD2FmSBx/j76.png,2022-03-03
Russia,23px-Soviet Union.svg,5 152mm 2S3 Akatsiya,captured,https://web.archive.org/web/20220303195838/https://i.postimg.cc/BQMW1NcT/g3d.png,2022-03-03
Russia,23px-Soviet Union.svg,6 152mm 2S19 Msta-S,destroyed,https://web.archive.org/web/20220303195838/https://i.postimg.cc/pXqsWfDd/f68.png,2022-03-03
Russia,23px-Soviet Union.svg,6 152mm 2S19 Msta-S,abandoned,https://web.archive.org/web/20220303195838/https://i.postimg.cc/VkNQR04y/2r.jpg,2022-03-03
Russia,23px-Soviet Union.svg,6 152mm 2S19 Msta-S,abandoned,https://web.archive.org/web/20220303195838/https://i.postimg.cc/Y08W5pnP/557723.png,2022-03-03
Russia,23px-Soviet Union.svg,6 152mm 2S19 Msta-S,abandoned,https://web.archive.org/web/20220303195838/https://i.postimg.cc/SKkpzp7Z/aa2.jpg,2022-03-03
Russia,23px-Soviet Union.svg,6 152mm 2S19 Msta-S,abandoned,https://web.archive.org/web/20220303195838/https://i.postimg.cc/LsDFt0xm/aa3.jpg,2022-03-03
Russia,23px-Soviet Union.svg,6 152mm 2S19 Msta-S,captured,https://web.archive.org/web/20220303195838/https://i.postimg.cc/2Sk1L977/66534.jpg,2022-03-03
Russia,23px-Soviet Union.svg,11 122mm BM-21 'Grad',destroyed,https://web.archive.org/web/20220303195838/https://i.postimg.cc/8c0jfFn1/b6.png,2022-03-03
Russia,23px-Soviet Union.svg,11 122mm BM-21 'Grad',destroyed,https://web.archive.org/web/20220303195838/https://i.postimg.cc/B65zvHbK/b6.png,2022-03-03
Russia,23px-Soviet Union.svg,11 122mm BM-21 'Grad',destroyed,https://web.archive.org/web/20220303195838/https://i.postimg.cc/x16gjzR1/442.png,2022-03-03
Russia,23px-Soviet Union.svg,11 122mm BM-21 'Grad',abandoned,https://web.archive.org/web/20220303195838/https://i.postimg.cc/1t68G6Ls/Screenshot-8400.png,2022-03-03
Russia,23px-Soviet Union.svg,11 122mm BM-21 'Grad',damaged,https://web.archive.org/web/20220303195838/https://i.postimg.cc/s2wR9DPH/768.png,2022-03-03
Russia,23px-Soviet Union.svg,11 122mm BM-21 'Grad',captured,https://web.archive.org/web/20220303195838/https://i.postimg.cc/xCF0twG5/b6.png,2022-03-03
Russia,23px-Soviet Union.svg,11 122mm BM-21 'Grad',captured,https://web.archive.org/web/20220303195838/https://i.postimg.cc/DZ0Q5pHc/6652.png,2022-03-03
Russia,23px-Russia.svg,1 122mm 2B17 Tornado-G,destroyed,https://web.archive.org/web/20220303195838/https://i.postimg.cc/fbsfnMYf/bb3.jpg,2022-03-03
Russia,23px-Russia.svg,1 220mm TOS-1A,captured,https://web.archive.org/web/20220303195838/https://i.postimg.cc/8kFRhmxQ/872.png ,2022-03-03
Russia,23px-Russia.svg,3 2K22M1 Tunguska,damaged,https://web.archive.org/web/20220303195838/https://i.postimg.cc/9MqLyHJZ/764.png,2022-03-03
Russia,23px-Russia.svg,3 2K22M1 Tunguska,abandoned,https://web.archive.org/web/20220303195838/https://i.postimg.cc/Qt3jK6LJ/66577.png,2022-03-03
Russia,23px-Russia.svg,3 2K22M1 Tunguska,captured,https://web.archive.org/web/20220303195838/https://i.postimg.cc/tTF6YpBr/Screenshot-8458.png,2022-03-03
Russia,23px-Soviet Union.svg,4 9K33 Osa,destroyed,https://web.archive.org/web/20220303195838/https://i.postimg.cc/xChnM7jX/n2.png ,2022-03-03
Russia,23px-Soviet Union.svg,4 9K33 Osa,abandoned,https://web.archive.org/web/20220303195838/https://i.postimg.cc/3RKjWRVn/6657.png,2022-03-03
Russia,23px-Soviet Union.svg,4 9K33 Osa,captured,https://web.archive.org/web/20220303195838/https://i.postimg.cc/ncXNZ3Yr/zx3.png,2022-03-03
Russia,23px-Soviet Union.svg,4 9K33 Osa,captured,https://web.archive.org/web/20220303195838/https://i.postimg.cc/pXQz9HB6/67.png,2022-03-03
Russia,23px-Soviet Union.svg,4 9K35 Strela-10,abandoned,https://web.archive.org/web/20220303195838/https://i.postimg.cc/rmQmjFmn/542.png,2022-03-03
Russia,23px-Soviet Union.svg,4 9K35 Strela-10,abandoned,https://web.archive.org/web/20220303195838/https://i.postimg.cc/FKXqgKZj/n8.jpg,2022-03-03
Russia,23px-Soviet Union.svg,4 9K35 Strela-10,abandoned,https://web.archive.org/web/20220303195838/https://i.postimg.cc/gcVRwKgk/v56.png,2022-03-03
Russia,23px-Soviet Union.svg,4 9K35 Strela-10,captured,https://web.archive.org/web/20220303195838/https://i.postimg.cc/C5cvXW27/6656.png,2022-03-03
Russia,23px-Russia.svg,2 9A310M1 TELAR (for Buk-M1-2),destroyed,https://web.archive.org/web/20220303195838/https://i.postimg.cc/7LmZpjbQ/3k.png,2022-03-03
Russia,23px-Russia.svg,2 9A310M1 TELAR (for Buk-M1-2),damaged,https://web.archive.org/web/20220303195838/https://i.postimg.cc/DZXDG2k3/779.png,2022-03-03
Russia,23px-Russia.svg,1 9A39M1 TEL (for Buk-M1-2),destroyed,https://web.archive.org/web/20220303195838/https://i.postimg.cc/T1P7tLF4/3k.png,2022-03-03
Russia,23px-Russia.svg,1 9A310M2 TELAR (for Buk-M2),destroyed,https://web.archive.org/web/20220303195838/https://i.postimg.cc/J0Rvd5GM/7688.png,2022-03-03
Russia,23px-Russia.svg,1 9A39M2 TEL (for Buk-M2),destroyed,https://web.archive.org/web/20220303195838/https://i.postimg.cc/J0Rvd5GM/7688.png,2022-03-03
Russia,23px-Russia.svg,2 Tor-M2,destroyed,https://web.archive.org/web/20220303195838/https://i.postimg.cc/5tS4wn32/578.png,2022-03-03
Russia,23px-Russia.svg,2 Tor-M2,captured,https://web.archive.org/web/20220303195838/https://i.postimg.cc/prNg3CKS/36.png,2022-03-03
Russia,23px-Russia.svg,2 Pantsir-S1,destroyed,https://web.archive.org/web/20220303195838/https://i.postimg.cc/nc1WwSy5/f6.png,2022-03-03
Russia,23px-Russia.svg,2 Pantsir-S1,captured,https://web.archive.org/web/20220303195838/https://postimg.cc/TpB4Xtbs/ec2c4921,2022-03-03
Russia,23px-Russia.svg,1 R-330BMV Borisoglebsk-2B,damaged,https://web.archive.org/web/20220303195838/https://i.postimg.cc/wvzPRKsx/333.png,2022-03-03
Russia,23px-Russia.svg,1 Su-30SM,destroyed,https://web.archive.org/web/20220303195838/https://i.postimg.cc/QNPryLw9/7699.png,2022-03-03
Russia,23px-Soviet Union.svg,2 Su-25 strike aircraft,destroyed,https://web.archive.org/web/20220303195838/https://tass.ru/armiya-i-opk/13840645,2022-03-03
Russia,23px-Soviet Union.svg,2 Su-25 strike aircraft,destroyed,https://web.archive.org/web/20220303195838/https://i.postimg.cc/Mp371YRh/675.png,2022-03-03
Russia,23px-Soviet Union.svg,1 An-26 transport aircraft,destroyed,https://web.archive.org/web/20220303195838/https://i.postimg.cc/R0ppMFNQ/448.png,2022-03-03
Russia,23px-Russia.svg,1 E95M (likely used as unmanned bait in order for Ukraine to reveal the location of air defence systems),captured,https://web.archive.org/web/20220303195838/https://i.postimg.cc/GpYjry8V/46.png,2022-03-03
Russia,23px-Soviet Union.svg,1 Mi-24,destroyed,https://web.archive.org/web/20220303195838/https://i.postimg.cc/x1B22Yvq/7755.png,2022-03-03
Russia,23px-Russia.svg,1 Mi-35M,destroyed,https://web.archive.org/web/20220303195838/https://i.postimg.cc/KcdDngcj/556.png ,2022-03-03
Russia,23px-Russia.svg,2 Unknown Mi-24/35,destroyed,https://web.archive.org/web/20220303195838/https://i.postimg.cc/26gB7bZC/Screenshot-8450.png,2022-03-03
Russia,23px-Russia.svg,2 Unknown Mi-24/35,damaged,https://web.archive.org/web/20220303195838/https://i.postimg.cc/HxryM4jS/Screenshot-8449.png,2022-03-03
Russia,23px-Russia.svg,3 Ka-52 'Alligator',destroyed,https://web.archive.org/web/20220303195838/https://i.postimg.cc/PJGKCtCv/658.png,2022-03-03
Russia,23px-Russia.svg,3 Ka-52 'Alligator',damaged,https://web.archive.org/web/20220303195838/https://i.postimg.cc/kXX8gFLx/769.png,2022-03-03
Russia,23px-Russia.svg,3 Ka-52 'Alligator',damaged,https://web.archive.org/web/20220303195838/https://i.postimg.cc/Zqj182jJ/987.png,2022-03-03
Russia,23px-Russia.svg,2 Fuel train,destroyed,https://web.archive.org/web/20220303195838/https://i.postimg.cc/tTsYnFXR/325.png,2022-03-03
Russia,23px-Russia.svg,2 Fuel train,destroyed,https://web.archive.org/web/20220303195838/https://i.postimg.cc/3NC7kwDJ/mn6.png,2022-03-03
Russia,23px-Soviet Union.svg,1 GAZ-66,captured,https://web.archive.org/web/20220303195838/https://i.postimg.cc/ncy3jWxy/55488.png,2022-03-03
Russia,23px-Soviet Union.svg,2 ZiL-131,abandoned,https://web.archive.org/web/20220303195838/https://i.postimg.cc/1ttjTBH0/4455.png,2022-03-03
Russia,23px-Soviet Union.svg,2 ZiL-131,abandoned,https://web.archive.org/web/20220303195838/https://i.postimg.cc/8k2Hgm1B/Screenshot-8397.png,2022-03-03
Russia,23px-Soviet Union.svg,1 9T452 transporter-loader (for BM-27 'Uragan' MRL),destroyed,https://web.archive.org/web/20220303195838/https://i.postimg.cc/QNzHJ4Yk/n2.png,2022-03-03
Russia,23px-Russia.svg,2 GAZ-3308,abandoned,https://web.archive.org/web/20220303195838/https://postimg.cc/cg7mbbzG,2022-03-03
Russia,23px-Russia.svg,2 GAZ-3308,abandoned,https://web.archive.org/web/20220303195838/https://postimg.cc/62xczXYh,2022-03-03
Russia,23px-Russia.svg,2 GAZ Sobol,destroyed,https://web.archive.org/web/20220303195838/https://i.postimg.cc/gkPg5HgC/Screenshot-8289.png,2022-03-03
Russia,23px-Russia.svg,2 GAZ Sobol,abandoned,https://web.archive.org/web/20220303195838/https://postimg.cc/87FbS5YH,2022-03-03
Russia,23px-Russia.svg,53 Ural-4320,destroyed,https://web.archive.org/web/20220303195838/https://postimg.cc/PvwcD3Fp,2022-03-03
Russia,23px-Russia.svg,53 Ural-4320,destroyed,https://web.archive.org/web/20220303195838/https://postimg.cc/5jvTwsWN,2022-03-03
Russia,23px-Russia.svg,53 Ural-4320,destroyed,https://web.archive.org/web/20220303195838/https://postimg.cc/vxWKbZt6,2022-03-03
Russia,23px-Russia.svg,53 Ural-4320,destroyed,https://web.archive.org/web/20220303195838/https://postimg.cc/HVgK3bT0,2022-03-03
Russia,23px-Russia.svg,53 Ural-4320,destroyed,https://web.archive.org/web/20220303195838/https://postimg.cc/f3bh0QRp,2022-03-03
Russia,23px-Russia.svg,53 Ural-4320,destroyed,https://web.archive.org/web/20220303195838/https://postimg.cc/YvjdC8vQ,2022-03-03
Russia,23px-Russia.svg,53 Ural-4320,destroyed,https://web.archive.org/web/20220303195838/https://postimg.cc/KR09bC8Z,2022-03-03
Russia,23px-Russia.svg,53 Ural-4320,destroyed,https://web.archive.org/web/20220303195838/https://i.postimg.cc/QdHyx61H/57.png,2022-03-03
Russia,23px-Russia.svg,53 Ural-4320,destroyed,https://web.archive.org/web/20220303195838/https://i.postimg.cc/cHbtsDMx/a1.png,2022-03-03
Russia,23px-Russia.svg,53 Ural-4320,destroyed,https://web.archive.org/web/20220303195838/https://i.postimg.cc/hPY0MfcX/5579.png,2022-03-03
Russia,23px-Russia.svg,53 Ural-4320,destroyed,https://web.archive.org/web/20220303195838/https://i.postimg.cc/XNdxpWCR/b788.png,2022-03-03
Russia,23px-Russia.svg,53 Ural-4320,destroyed,https://web.archive.org/web/20220303195838/https://i.postimg.cc/43C4BpW2/bn8.png,2022-03-03
Russia,23px-Russia.svg,53 Ural-4320,destroyed,https://web.archive.org/web/20220303195838/https://postimg.cc/kDPjqNFh,2022-03-03
Russia,23px-Russia.svg,53 Ural-4320,destroyed,https://web.archive.org/web/20220303195838/https://i.postimg.cc/wBfFwpNT/6680.png,2022-03-03
Russia,23px-Russia.svg,53 Ural-4320,destroyed,https://web.archive.org/web/20220303195838/https://i.postimg.cc/d1y6JQnH/b65.png,2022-03-03
Russia,23px-Russia.svg,53 Ural-4320,damaged,https://web.archive.org/web/20220303195838/https://postimg.cc/kVDPCNz0,2022-03-03
Russia,23px-Russia.svg,53 Ural-4320,damaged,https://web.archive.org/web/20220303195838/https://postimg.cc/w12pvjgD,2022-03-03
Russia,23px-Russia.svg,53 Ural-4320,abandoned,https://web.archive.org/web/20220303195838/https://i.postimg.cc/R0KVpG33/Screenshot-8272.png,2022-03-03
Russia,23px-Russia.svg,53 Ural-4320,abandoned,https://web.archive.org/web/20220303195838/https://postimg.cc/yDMtjPBF,2022-03-03
Russia,23px-Russia.svg,53 Ural-4320,abandoned,https://web.archive.org/web/20220303195838/https://i.postimg.cc/3NZBVjmC/j8l.jpg,2022-03-03
Russia,23px-Russia.svg,53 Ural-4320,abandoned,https://web.archive.org/web/20220303195838/https://postimg.cc/SXqk7XMx,2022-03-03
Russia,23px-Russia.svg,53 Ural-4320,abandoned,https://web.archive.org/web/20220303195838/https://postimg.cc/fVYM97kP,2022-03-03
Russia,23px-Russia.svg,53 Ural-4320,abandoned,https://web.archive.org/web/20220303195838/https://i.postimg.cc/kMY6zXXK/g43.png,2022-03-03
Russia,23px-Russia.svg,53 Ural-4320,damaged,https://web.archive.org/web/20220303195838/https://i.postimg.cc/fR5byVj2/k88.jpg,2022-03-03
Russia,23px-Russia.svg,53 Ural-4320,captured,https://web.archive.org/web/20220303195838/https://i.postimg.cc/vB5YMv7C/754.png,2022-03-03
Russia,23px-Russia.svg,53 Ural-4320,captured,https://web.archive.org/web/20220303195838/https://i.postimg.cc/Z5GKzh1D/r1.png,2022-03-03
Russia,23px-Russia.svg,53 Ural-4320,captured,https://web.archive.org/web/20220303195838/https://i.postimg.cc/pXL1Kn3v/5583.png,2022-03-03
Russia,23px-Russia.svg,53 Ural-4320,captured,https://web.archive.org/web/20220303195838/https://i.postimg.cc/dQSXZBB2/74.png,2022-03-03
Russia,23px-Russia.svg,53 Ural-4320,captured,https://web.archive.org/web/20220303195838/https://i.postimg.cc/Jn500txp/55799.png,2022-03-03
Russia,23px-Russia.svg,53 Ural-4320,captured,https://web.archive.org/web/20220303195838/https://i.postimg.cc/26Mr9sCf/667.png,2022-03-03
Russia,23px-Russia.svg,53 Ural-4320,captured,https://web.archive.org/web/20220303195838/https://i.postimg.cc/VNwZpLhm/663.png,2022-03-03
Russia,23px-Russia.svg,53 Ural-4320,captured,https://web.archive.org/web/20220303195838/https://i.postimg.cc/fR5byVj2/k88.jpg,2022-03-03
Russia,23px-Russia.svg,53 Ural-4320,captured,https://web.archive.org/web/20220303195838/https://i.postimg.cc/CxbjQs0Z/q1.png,2022-03-03
Russia,23px-Russia.svg,53 Ural-4320,captured,https://web.archive.org/web/20220303195838/https://i.postimg.cc/cJZQyt1F/q3.jpg,2022-03-03
Russia,23px-Russia.svg,53 Ural-4320,captured,https://web.archive.org/web/20220303195838/https://i.postimg.cc/R0RwMCN4/q4.jpg,2022-03-03
Russia,23px-Russia.svg,53 Ural-4320,captured,https://web.archive.org/web/20220303195838/https://i.postimg.cc/nzhBM8D7/q5.jpg,2022-03-03
Russia,23px-Russia.svg,53 Ural-4320,captured,https://web.archive.org/web/20220303195838/https://i.postimg.cc/Zn9NFrj5/q6.jpg,2022-03-03
Russia,23px-Russia.svg,53 Ural-4320,captured,https://web.archive.org/web/20220303195838/https://i.postimg.cc/269vZHQt/q7.png,2022-03-03
Russia,23px-Russia.svg,53 Ural-4320,captured,https://web.archive.org/web/20220303195838/https://i.postimg.cc/RhjHPNbQ/q8.png,2022-03-03
Russia,23px-Russia.svg,53 Ural-4320,captured,https://web.archive.org/web/20220303195838/https://i.postimg.cc/7Pc0PWYG/q9.jpg,2022-03-03
Russia,23px-Russia.svg,53 Ural-4320,captured,https://web.archive.org/web/20220303195838/https://i.postimg.cc/Tw1hHZ5d/77h.png,2022-03-03
Russia,23px-Russia.svg,53 Ural-4320,captured,https://web.archive.org/web/20220303195838/https://i.postimg.cc/zvFf4vcZ/Screenshot-8471.png,2022-03-03
Russia,23px-Russia.svg,53 Ural-4320,captured,https://web.archive.org/web/20220303195838/https://i.postimg.cc/6QcY6f4y/Screenshot-8473.png,2022-03-03
Russia,23px-Russia.svg,53 Ural-4320,captured,https://web.archive.org/web/20220303195838/https://postimg.cc/gryBVFjK,2022-03-03
Russia,23px-Russia.svg,53 Ural-4320,captured,https://web.archive.org/web/20220303195838/https://i.postimg.cc/0Qx3NNNy/bn8.png,2022-03-03
Russia,23px-Russia.svg,53 Ural-4320,captured,https://web.archive.org/web/20220303195838/https://i.postimg.cc/brjQ7Srg/66522.png,2022-03-03
Russia,23px-Russia.svg,53 Ural-4320,captured,https://web.archive.org/web/20220303195838/https://i.postimg.cc/WbY733HN/4g.png,2022-03-03
Russia,23px-Russia.svg,53 Ural-4320,captured,https://web.archive.org/web/20220303195838/https://i.postimg.cc/SR1yPs6s/f2.png,2022-03-03
Russia,23px-Russia.svg,53 Ural-4320,captured,https://web.archive.org/web/20220303195838/https://i.postimg.cc/vmPKKKjX/r1.png,2022-03-03
Russia,23px-Russia.svg,7 Ural-43206,destroyed,https://web.archive.org/web/20220303195838/https://i.postimg.cc/9Q7VDLd8/ff4467.png,2022-03-03
Russia,23px-Russia.svg,7 Ural-43206,abandoned,https://web.archive.org/web/20220303195838/https://i.postimg.cc/k4x56Cb5/Screenshot-8409.png,2022-03-03
Russia,23px-Russia.svg,7 Ural-43206,captured,https://web.archive.org/web/20220303195838/https://i.postimg.cc/pdjsnMg9/c1.png,2022-03-03
Russia,23px-Russia.svg,7 Ural-43206,captured,https://web.archive.org/web/20220303195838/https://i.postimg.cc/1tZJGYQv/c2.png,2022-03-03
Russia,23px-Russia.svg,7 Ural-43206,captured,https://web.archive.org/web/20220303195838/https://i.postimg.cc/4xTDmwy5/Screenshot-8474.png,2022-03-03
Russia,23px-Russia.svg,7 Ural-43206,captured,https://web.archive.org/web/20220303195838/https://i.postimg.cc/D0q051ZQ/g788.png,2022-03-03
Russia,23px-Russia.svg,4 Ural Federal,destroyed,https://web.archive.org/web/20220303195838/https://postimg.cc/YvcvvC98,2022-03-03
Russia,23px-Russia.svg,4 Ural Federal,abandoned,https://web.archive.org/web/20220303195838/https://postimg.cc/4nNVGy79,2022-03-03
Russia,23px-Russia.svg,4 Ural Federal,abandoned,https://web.archive.org/web/20220303195838/https://postimg.cc/c6Hgjz27,2022-03-03
Russia,23px-Russia.svg,4 Ural Federal,abandoned,https://web.archive.org/web/20220303195838/https://i.postimg.cc/JhwxKbT0/4454.jpg,2022-03-03
Russia,23px-Russia.svg,1 Ural-542301 tank transporter,abandoned,https://web.archive.org/web/20220303195838/https://i.postimg.cc/63s3pqTS/Screenshot-8407.png,2022-03-03
Russia,23px-Russia.svg,4 KamAZ Avtozaks,destroyed,https://web.archive.org/web/20220303195838/https://i.postimg.cc/rmWjR3ww/335.png,2022-03-03
Russia,23px-Russia.svg,4 KamAZ Avtozaks,destroyed,https://web.archive.org/web/20220303195838/https://i.postimg.cc/8C0xX3fD/t6.jpg,2022-03-03
Russia,23px-Russia.svg,4 KamAZ Avtozaks,destroyed,https://web.archive.org/web/20220303195838/https://i.postimg.cc/wMKZgmkG/t7.jpg,2022-03-03
Russia,23px-Russia.svg,4 KamAZ Avtozaks,captured,https://web.archive.org/web/20220303195838/https://i.postimg.cc/dQhZ41xT/443.png,2022-03-03
Russia,23px-Russia.svg,73 KamAZ 6x6,destroyed,https://web.archive.org/web/20220303195838/https://i.postimg.cc/TwqThWRp/8875.png,2022-03-03
Russia,23px-Russia.svg,73 KamAZ 6x6,destroyed,https://web.archive.org/web/20220303195838/https://postimg.cc/G9KswLMf,2022-03-03
Russia,23px-Russia.svg,73 KamAZ 6x6,destroyed,https://web.archive.org/web/20220303195838/https://i.postimg.cc/yYMXXbCM/vb.png,2022-03-03
Russia,23px-Russia.svg,73 KamAZ 6x6,destroyed,https://web.archive.org/web/20220303195838/https://i.postimg.cc/26rzdvFN/m8.png,2022-03-03
Russia,23px-Russia.svg,73 KamAZ 6x6,destroyed,https://web.archive.org/web/20220303195838/https://i.postimg.cc/K8dLcdtV/h0.png,2022-03-03
Russia,23px-Russia.svg,73 KamAZ 6x6,destroyed,https://web.archive.org/web/20220303195838/https://i.postimg.cc/G2Ndj56v/Screenshot-8192.png,2022-03-03
Russia,23px-Russia.svg,73 KamAZ 6x6,destroyed,https://web.archive.org/web/20220303195838/https://i.postimg.cc/mhW4vFLD/Screenshot-8193.png,2022-03-03
Russia,23px-Russia.svg,73 KamAZ 6x6,destroyed,https://web.archive.org/web/20220303195838/https://i.postimg.cc/MpmpyDDG/Screenshot-8209.png,2022-03-03
Russia,23px-Russia.svg,73 KamAZ 6x6,destroyed,https://web.archive.org/web/20220303195838/https://i.postimg.cc/nc8Fg5Sz/Screenshot-8215.png,2022-03-03
Russia,23px-Russia.svg,73 KamAZ 6x6,destroyed,https://web.archive.org/web/20220303195838/https://i.postimg.cc/jj8q1SB0/Screenshot-8210.png,2022-03-03
Russia,23px-Russia.svg,73 KamAZ 6x6,destroyed,https://web.archive.org/web/20220303195838/https://i.postimg.cc/nzgFHwH3/Screenshot-8211.png,2022-03-03
Russia,23px-Russia.svg,73 KamAZ 6x6,destroyed,https://web.archive.org/web/20220303195838/https://postimg.cc/PvG7gwYj,2022-03-03
Russia,23px-Russia.svg,73 KamAZ 6x6,destroyed,https://web.archive.org/web/20220303195838/https://i.postimg.cc/wjDYJj9c/Screenshot-8224.png,2022-03-03
Russia,23px-Russia.svg,73 KamAZ 6x6,destroyed,https://web.archive.org/web/20220303195838/https://i.postimg.cc/dQmFbzNj/6888.png,2022-03-03
Russia,23px-Russia.svg,73 KamAZ 6x6,destroyed,https://web.archive.org/web/20220303195838/https://i.postimg.cc/zfp7Rm55/Screenshot-8276.png,2022-03-03
Russia,23px-Russia.svg,73 KamAZ 6x6,destroyed,https://web.archive.org/web/20220303195838/https://i.postimg.cc/nrMnttVL/7k.png,2022-03-03
Russia,23px-Russia.svg,73 KamAZ 6x6,destroyed,https://web.archive.org/web/20220303195838/https://i.postimg.cc/gkPg5HgC/Screenshot-8289.png,2022-03-03
Russia,23px-Russia.svg,73 KamAZ 6x6,destroyed,https://web.archive.org/web/20220303195838/https://postimg.cc/5QNwkNv8,2022-03-03
Russia,23px-Russia.svg,73 KamAZ 6x6,destroyed,https://web.archive.org/web/20220303195838/https://i.postimg.cc/kXvznpZN/v7.png,2022-03-03
Russia,23px-Russia.svg,73 KamAZ 6x6,destroyed,https://web.archive.org/web/20220303195838/https://postimg.cc/rd1xVtNS,2022-03-03
Russia,23px-Russia.svg,73 KamAZ 6x6,destroyed,https://web.archive.org/web/20220303195838/https://postimg.cc/KRCMt59P,2022-03-03
Russia,23px-Russia.svg,73 KamAZ 6x6,destroyed,https://web.archive.org/web/20220303195838/https://i.postimg.cc/hPqDmdpD/554.png,2022-03-03
Russia,23px-Russia.svg,73 KamAZ 6x6,destroyed,https://web.archive.org/web/20220303195838/https://i.postimg.cc/3RKjWRVn/6657.png,2022-03-03
Russia,23px-Russia.svg,73 KamAZ 6x6,destroyed,https://web.archive.org/web/20220303195838/https://i.postimg.cc/dVZtMRWY/4456.png,2022-03-03
Russia,23px-Russia.svg,73 KamAZ 6x6,destroyed,https://web.archive.org/web/20220303195838/https://i.postimg.cc/1ttjTBH0/4455.png,2022-03-03
Russia,23px-Russia.svg,73 KamAZ 6x6,destroyed,https://web.archive.org/web/20220303195838/https://i.postimg.cc/gjV6fNhS/5557.png,2022-03-03
Russia,23px-Russia.svg,73 KamAZ 6x6,destroyed,https://web.archive.org/web/20220303195838/https://i.postimg.cc/6Q0p7yrb/b7.jpg,2022-03-03
Russia,23px-Russia.svg,73 KamAZ 6x6,destroyed,https://web.archive.org/web/20220303195838/https://i.postimg.cc/RhCvjJ0x/ttr.jpg,2022-03-03
Russia,23px-Russia.svg,73 KamAZ 6x6,destroyed,https://web.archive.org/web/20220303195838/https://i.postimg.cc/c4Hsh3jQ/ttrr.jpg,2022-03-03
Russia,23px-Russia.svg,73 KamAZ 6x6,destroyed,https://web.archive.org/web/20220303195838/https://i.postimg.cc/bvXpqBvT/b677.jpg,2022-03-03
Russia,23px-Russia.svg,73 KamAZ 6x6,destroyed,https://web.archive.org/web/20220303195838/https://i.postimg.cc/PrKPQdFp/Screenshot-8399.png,2022-03-03
Russia,23px-Russia.svg,73 KamAZ 6x6,destroyed,https://web.archive.org/web/20220303195838/https://i.postimg.cc/qRdCnYt1/b6.png,2022-03-03
Russia,23px-Russia.svg,73 KamAZ 6x6,destroyed,https://web.archive.org/web/20220303195838/https://i.postimg.cc/BvPBrgh2/7u.png,2022-03-03
Russia,23px-Russia.svg,73 KamAZ 6x6,destroyed,https://web.archive.org/web/20220303195838/https://i.postimg.cc/HxQ4xL1x/8u.png,2022-03-03
Russia,23px-Russia.svg,73 KamAZ 6x6,destroyed,https://web.archive.org/web/20220303195838/https://i.postimg.cc/wBfFwpNT/6680.png,2022-03-03
Russia,23px-Russia.svg,73 KamAZ 6x6,destroyed,https://web.archive.org/web/20220303195838/https://i.postimg.cc/zfSdmcc4/b00.jpg,2022-03-03
Russia,23px-Russia.svg,73 KamAZ 6x6,destroyed,https://web.archive.org/web/20220303195838/https://i.postimg.cc/xC6t8bYR/b0.jpg,2022-03-03
Russia,23px-Russia.svg,73 KamAZ 6x6,damaged,https://web.archive.org/web/20220303195838/https://i.postimg.cc/kGnW3KWg/880.png,2022-03-03
Russia,23px-Russia.svg,73 KamAZ 6x6,damaged,https://web.archive.org/web/20220303195838/https://i.postimg.cc/XYdzk891/5g.png,2022-03-03
Russia,23px-Russia.svg,73 KamAZ 6x6,abandoned,https://web.archive.org/web/20220303195838/https://i.postimg.cc/CK9ZnJrc/Screenshot-8398.png,2022-03-03
Russia,23px-Russia.svg,73 KamAZ 6x6,abandoned,https://web.archive.org/web/20220303195838/https://i.postimg.cc/9F0M05Tb/Screenshot-8232.png,2022-03-03
Russia,23px-Russia.svg,73 KamAZ 6x6,abandoned,https://web.archive.org/web/20220303195838/https://i.postimg.cc/RFmCkffg/Screenshot-8273.png,2022-03-03
Russia,23px-Russia.svg,73 KamAZ 6x6,abandoned,https://web.archive.org/web/20220303195838/https://postimg.cc/zVzd9q5t,2022-03-03
Russia,23px-Russia.svg,73 KamAZ 6x6,abandoned,https://web.archive.org/web/20220303195838/https://i.postimg.cc/Pq6cnvCm/Screenshot-8284.png,2022-03-03
Russia,23px-Russia.svg,73 KamAZ 6x6,abandoned,https://web.archive.org/web/20220303195838/https://i.postimg.cc/bNQBNBGY/Screenshot-8285.png,2022-03-03
Russia,23px-Russia.svg,73 KamAZ 6x6,abandoned,https://web.archive.org/web/20220303195838/https://postimg.cc/VS80VkP5,2022-03-03
Russia,23px-Russia.svg,73 KamAZ 6x6,abandoned,https://web.archive.org/web/20220303195838/https://postimg.cc/CznZMqFz,2022-03-03
Russia,23px-Russia.svg,73 KamAZ 6x6,abandoned,https://web.archive.org/web/20220303195838/https://i.postimg.cc/tCPccYNm/v8.png,2022-03-03
Russia,23px-Russia.svg,73 KamAZ 6x6,abandoned,https://web.archive.org/web/20220303195838/https://i.postimg.cc/xTNQw51P/aa1.jpg,2022-03-03
Russia,23px-Russia.svg,73 KamAZ 6x6,abandoned,https://web.archive.org/web/20220303195838/https://i.postimg.cc/RC6RYDzZ/Screenshot-8396.png,2022-03-03
Russia,23px-Russia.svg,73 KamAZ 6x6,abandoned,https://web.archive.org/web/20220303195838/https://i.postimg.cc/ZqYR92LP/Screenshot-8486.png,2022-03-03
Russia,23px-Russia.svg,73 KamAZ 6x6,abandoned,https://web.archive.org/web/20220303195838/https://i.postimg.cc/Pf0f1L53/v3.png,2022-03-03
Russia,23px-Russia.svg,73 KamAZ 6x6,damaged,https://web.archive.org/web/20220303195838/https://i.postimg.cc/VkpkSLDj/f87.png,2022-03-03
Russia,23px-Russia.svg,73 KamAZ 6x6,captured,https://web.archive.org/web/20220303195838/https://i.postimg.cc/Hn7xkb8m/688.png,2022-03-03
Russia,23px-Russia.svg,73 KamAZ 6x6,captured,https://web.archive.org/web/20220303195838/https://i.postimg.cc/YSQ2ps72/r2.png,2022-03-03
Russia,23px-Russia.svg,73 KamAZ 6x6,captured,https://web.archive.org/web/20220303195838/https://i.postimg.cc/gJ6f7NZ3/57.png,2022-03-03
Russia,23px-Russia.svg,73 KamAZ 6x6,captured,https://web.archive.org/web/20220303195838/https://i.postimg.cc/VkXF0qmD/6599.png,2022-03-03
Russia,23px-Russia.svg,73 KamAZ 6x6,captured,https://web.archive.org/web/20220303195838/https://i.postimg.cc/DZ0Q5pHc/6652.png,2022-03-03
Russia,23px-Russia.svg,73 KamAZ 6x6,captured,https://web.archive.org/web/20220303195838/https://i.postimg.cc/1ttCbb4J/tt1.png,2022-03-03
Russia,23px-Russia.svg,73 KamAZ 6x6,captured,https://web.archive.org/web/20220303195838/https://i.postimg.cc/15tY3vhL/4456.png,2022-03-03
Russia,23px-Russia.svg,73 KamAZ 6x6,captured,https://web.archive.org/web/20220303195838/https://i.postimg.cc/W3YpnCfM/b6.jpg,2022-03-03
Russia,23px-Russia.svg,73 KamAZ 6x6,captured,https://web.archive.org/web/20220303195838/https://i.postimg.cc/k5QJrzV3/872.png,2022-03-03
Russia,23px-Russia.svg,73 KamAZ 6x6,captured,https://web.archive.org/web/20220303195838/https://postimg.cc/1f97MCN1,2022-03-03
Russia,23px-Russia.svg,73 KamAZ 6x6,captured,https://web.archive.org/web/20220303195838/https://i.postimg.cc/mrWNYRrH/5433.png,2022-03-03
Russia,23px-Russia.svg,73 KamAZ 6x6,captured,https://web.archive.org/web/20220303195838/https://i.postimg.cc/dQhZ41xT/443.png,2022-03-03
Russia,23px-Russia.svg,73 KamAZ 6x6,captured,https://web.archive.org/web/20220303195838/https://i.postimg.cc/CMZjk24Y/f65.png,2022-03-03
Russia,23px-Russia.svg,73 KamAZ 6x6,captured,https://web.archive.org/web/20220303195838/https://i.postimg.cc/Bbj44g2S/5580.png,2022-03-03
Russia,23px-Russia.svg,73 KamAZ 6x6,captured,https://web.archive.org/web/20220303195838/https://i.postimg.cc/23RZybKP/6800.png,2022-03-03
Russia,23px-Russia.svg,4 KamAZ-6350 8x8 artillery tractor,destroyed,https://web.archive.org/web/20220303195838/https://i.postimg.cc/VvPSc7kX/Screenshot-8070.png,2022-03-03
Russia,23px-Russia.svg,4 KamAZ-6350 8x8 artillery tractor,destroyed,https://web.archive.org/web/20220303195838/https://i.postimg.cc/br0ZYQZW/Screenshot-8071.png,2022-03-03
Russia,23px-Russia.svg,4 KamAZ-6350 8x8 artillery tractor,damaged,https://web.archive.org/web/20220303195838/https://i.postimg.cc/br6jRJWd/Screenshot-8072.png,2022-03-03
Russia,23px-Russia.svg,4 KamAZ-6350 8x8 artillery tractor,damaged,https://web.archive.org/web/20220303195838/https://i.postimg.cc/nczxh49m/Screenshot-8074.png,2022-03-03
Russia,23px-Russia.svg,1 UAZ Patriot,abandoned,https://web.archive.org/web/20220303195838/https://i.postimg.cc/fyZfXHtc/g223.png,2022-03-03
Russia,23px-Russia.svg,19 Unknown truck,destroyed,https://web.archive.org/web/20220303195838/https://twitter.com/UAWeapons/status/1498757622211784707,2022-03-03
Russia,23px-Russia.svg,19 Unknown truck,destroyed,https://web.archive.org/web/20220303195838/https://i.postimg.cc/2ShwH1v8/f43.png,2022-03-03
Russia,23px-Russia.svg,19 Unknown truck,destroyed,https://web.archive.org/web/20220303195838/https://i.postimg.cc/h4TPx8Nh/76j.png,2022-03-03
Russia,23px-Russia.svg,19 Unknown truck,destroyed,https://web.archive.org/web/20220303195838/https://i.postimg.cc/Y95XFLhB/6hf.png,2022-03-03
Russia,23px-Russia.svg,19 Unknown truck,destroyed,https://web.archive.org/web/20220303195838/https://i.postimg.cc/3wn7wzQM/686.png,2022-03-03
Russia,23px-Russia.svg,19 Unknown truck,destroyed,https://web.archive.org/web/20220303195838/https://i.postimg.cc/jj2Z5JHc/b788.png,2022-03-03
Russia,23px-Russia.svg,19 Unknown truck,destroyed,https://web.archive.org/web/20220303195838/https://i.postimg.cc/0js4by2N/bn8.png,2022-03-03
Russia,23px-Russia.svg,19 Unknown truck,damaged,https://web.archive.org/web/20220303195838/https://i.postimg.cc/26pbyqvZ/v56.png,2022-03-03
Russia,23px-Russia.svg,19 Unknown truck,captured,https://web.archive.org/web/20220303195838/https://i.postimg.cc/Y994gyQF/431.png,2022-03-03
Russia,23px-Russia.svg,19 Unknown truck,captured,https://web.archive.org/web/20220303195838/https://i.postimg.cc/G38hB3zL/658.png,2022-03-03
Russia,23px-Russia.svg,4 Unknown vehicle,destroyed,https://web.archive.org/web/20220303195838/https://i.postimg.cc/cLy31D99/557.png,2022-03-03
Russia,23px-Russia.svg,4 Unknown vehicle,destroyed,https://web.archive.org/web/20220303195838/https://i.postimg.cc/L5WpLtHC/370.png,2022-03-03
Russia,23px-Russia.svg,4 Unknown vehicle,destroyed,https://web.archive.org/web/20220303195838/https://i.postimg.cc/v8Jyk5sf/4k.png,2022-03-03
Russia,23px-Soviet Union.svg,27 T-64BV,destroyed,https://web.archive.org/web/20220303195838/https://i.postimg.cc/mgntjg7P/763.png,2022-03-03
Russia,23px-Soviet Union.svg,27 T-64BV,destroyed,https://web.archive.org/web/20220303195838/https://i.postimg.cc/59wN4Ybq/689.png,2022-03-03
Russia,23px-Soviet Union.svg,27 T-64BV,destroyed,https://web.archive.org/web/20220303195838/https://i.postimg.cc/fWBW5NVQ/558.png,2022-03-03
Russia,23px-Soviet Union.svg,27 T-64BV,destroyed,https://web.archive.org/web/20220303195838/https://i.postimg.cc/442p3Kn8/443.png,2022-03-03
Russia,23px-Soviet Union.svg,27 T-64BV,destroyed,https://web.archive.org/web/20220303195838/https://i.postimg.cc/gjqt7JQh/445.png,2022-03-03
Russia,23px-Soviet Union.svg,27 T-64BV,destroyed,https://web.archive.org/web/20220303195838/https://i.postimg.cc/qB9sVyfT/223.png,2022-03-03
Russia,23px-Soviet Union.svg,27 T-64BV,destroyed,https://web.archive.org/web/20220303195838/https://i.postimg.cc/jSkfDQJC/765.png,2022-03-03
Russia,23px-Soviet Union.svg,27 T-64BV,destroyed,https://web.archive.org/web/20220303195838/https://i.postimg.cc/C1XTdKjW/n8.png,2022-03-03
Russia,23px-Soviet Union.svg,27 T-64BV,damaged,https://web.archive.org/web/20220303195838/https://i.postimg.cc/CLn96SZZ/f7.png,2022-03-03
Russia,23px-Soviet Union.svg,27 T-64BV,abandoned,https://web.archive.org/web/20220303195838/https://i.postimg.cc/rFzZ43Zg/578.png,2022-03-03
Russia,23px-Soviet Union.svg,27 T-64BV,abandoned,https://web.archive.org/web/20220303195838/https://i.postimg.cc/vBTn2B8C/467.png,2022-03-03
Russia,23px-Soviet Union.svg,27 T-64BV,abandoned,https://web.archive.org/web/20220303195838/https://i.postimg.cc/8Pf8WQWH/557l.png,2022-03-03
Russia,23px-Soviet Union.svg,27 T-64BV,abandoned,https://web.archive.org/web/20220303195838/https://i.postimg.cc/fTV39LBr/5570.png,2022-03-03
Russia,23px-Soviet Union.svg,27 T-64BV,abandoned,https://web.archive.org/web/20220303195838/https://i.postimg.cc/qBsnPDXc/5548.png,2022-03-03
Russia,23px-Soviet Union.svg,27 T-64BV,abandoned,https://web.archive.org/web/20220303195838/https://i.postimg.cc/k5m1QQ2y/dd3.png,2022-03-03
Russia,23px-Soviet Union.svg,27 T-64BV,captured,https://web.archive.org/web/20220303195838/https://i.postimg.cc/9fjZRhmN/t2.png,2022-03-03
Russia,23px-Soviet Union.svg,27 T-64BV,captured,https://web.archive.org/web/20220303195838/https://i.postimg.cc/6pZCp3Xv/t1.png,2022-03-03
Russia,23px-Soviet Union.svg,27 T-64BV,captured,https://web.archive.org/web/20220303195838/https://i.postimg.cc/280btFGT/d3.png,2022-03-03
Russia,23px-Soviet Union.svg,27 T-64BV,captured,https://web.archive.org/web/20220303195838/https://i.postimg.cc/VLvLJy9B/f33.png,2022-03-03
Russia,23px-Soviet Union.svg,27 T-64BV,captured,https://web.archive.org/web/20220303195838/https://i.postimg.cc/nhxjsB2y/f565.png,2022-03-03
Russia,23px-Soviet Union.svg,2 T-80BV,abandoned,https://web.archive.org/web/20220303195838/https://i.postimg.cc/MHW2qp47/d39.png,2022-03-03
Russia,23px-Soviet Union.svg,2 T-80BV,damaged,https://web.archive.org/web/20220303195838/https://i.postimg.cc/0jXKJsjL/f58.png,2022-03-03
Russia,23px-Soviet Union.svg,1 BRM-1K,damaged,https://web.archive.org/web/20220303195838/https://i.postimg.cc/tC4jmbcK/446.png,2022-03-03
Russia,23px-Soviet Union.svg,1 BRM-1K,captured,https://web.archive.org/web/20220303195838/https://i.postimg.cc/ZnMyg04W/6669.jpg ,2022-03-03
Russia,23px-Soviet Union.svg,1 BMP-1Khs,destroyed,https://web.archive.org/web/20220303195838/https://i.postimg.cc/GmMFkn6L/78.png,2022-03-03
Russia,23px-Soviet Union.svg,15 BRDM-2,destroyed,https://web.archive.org/web/20220303195838/https://i.postimg.cc/R0PRks7V/n5.png,2022-03-03
Russia,23px-Soviet Union.svg,15 BRDM-2,destroyed,https://web.archive.org/web/20220303195838/https://i.postimg.cc/Ghhp2XG1/n6.png,2022-03-03
Russia,23px-Soviet Union.svg,15 BRDM-2,destroyed,https://web.archive.org/web/20220303195838/https://i.postimg.cc/gk37TCky/57h.png,2022-03-03
Russia,23px-Soviet Union.svg,15 BRDM-2,abandoned,https://web.archive.org/web/20220303195838/https://i.postimg.cc/TYfDBCPr/577.png,2022-03-03
Russia,23px-Soviet Union.svg,15 BRDM-2,abandoned,https://web.archive.org/web/20220303195838/https://i.postimg.cc/zGQd8V3S/4437.png,2022-03-03
Russia,23px-Soviet Union.svg,15 BRDM-2,abandoned,https://web.archive.org/web/20220303195838/https://i.postimg.cc/KYF1K5KZ/5547.png,2022-03-03
Russia,23px-Soviet Union.svg,15 BRDM-2,abandoned,https://web.archive.org/web/20220303195838/https://i.postimg.cc/x1Pz37Vk/5577.png,2022-03-03
Russia,23px-Soviet Union.svg,15 BRDM-2,abandoned,https://web.archive.org/web/20220303195838/https://i.postimg.cc/x1q26JWK/443o.png,2022-03-03
Russia,23px-Soviet Union.svg,15 BRDM-2,abandoned,https://web.archive.org/web/20220303195838/https://i.postimg.cc/7Pg0LbtM/553.png,2022-03-03
Russia,23px-Soviet Union.svg,15 BRDM-2,abandoned,https://web.archive.org/web/20220303195838/https://i.postimg.cc/DZ1JmY6y/4436.png,2022-03-03
Russia,23px-Soviet Union.svg,15 BRDM-2,abandoned,https://web.archive.org/web/20220303195838/https://i.postimg.cc/cLp0yYYV/795.png,2022-03-03
Russia,23px-Soviet Union.svg,15 BRDM-2,captured,https://web.archive.org/web/20220303195838/https://i.postimg.cc/wjZZCBgG/Screenshot-8367.png,2022-03-03
Russia,23px-Soviet Union.svg,15 BRDM-2,captured,https://web.archive.org/web/20220303195838/https://i.postimg.cc/SxJH19F9/Screenshot-8366.png,2022-03-03
Russia,23px-Soviet Union.svg,15 BRDM-2,captured,https://web.archive.org/web/20220303195838/https://i.postimg.cc/rmGLQ7dz/ff4.png,2022-03-03
Russia,23px-Soviet Union.svg,15 BRDM-2,captured,https://web.archive.org/web/20220303195838/https://i.postimg.cc/MKcHscPj/g544.png,2022-03-03
Russia,23px-Soviet Union.svg,3 9P148 Konkurs ATGM carrier,destroyed,https://web.archive.org/web/20220303195838/https://i.postimg.cc/8cpL1BtZ/k2.png,2022-03-03
Russia,23px-Soviet Union.svg,3 9P148 Konkurs ATGM carrier,destroyed,https://web.archive.org/web/20220303195838/https://i.postimg.cc/JncbVdcy/k1.png,2022-03-03
Russia,23px-Soviet Union.svg,3 9P148 Konkurs ATGM carrier,captured,https://web.archive.org/web/20220303195838/https://i.postimg.cc/7PV70ZVz/4366.png,2022-03-03
Russia,23px-Soviet Union.svg,3 MT-LB,destroyed,https://web.archive.org/web/20220303195838/https://i.postimg.cc/ry4rL6Zz/4fs.png,2022-03-03
Russia,23px-Soviet Union.svg,3 MT-LB,destroyed,https://web.archive.org/web/20220303195838/https://i.postimg.cc/26y63cZK/f46.png,2022-03-03
Russia,23px-Soviet Union.svg,3 MT-LB,abandoned,https://web.archive.org/web/20220303195838/https://i.postimg.cc/D00sLq8C/Screenshot-8261.png ,2022-03-03
Russia,23px-Ukraine.svg,1 MT-LB Ambulance,abandoned,https://web.archive.org/web/20220303195838/https://i.postimg.cc/3Jv5s5tq/468.png ,2022-03-03
Russia,23px-Ukraine.svg,1 BSEM-4K,destroyed,https://web.archive.org/web/20220303195838/https://i.postimg.cc/5yjhTNPP/Screenshot-8306.png,2022-03-03
Russia,23px-Soviet Union.svg,1 MT-LBu,damaged,https://web.archive.org/web/20220303195838/https://i.postimg.cc/ZYHxJ6rp/Screenshot-8036.png,2022-03-03
Russia,23px-Soviet Union.svg,8 BMP-1,destroyed,https://web.archive.org/web/20220303195838/https://i.postimg.cc/7hc1JGgw/558.jpg,2022-03-03
Russia,23px-Soviet Union.svg,8 BMP-1,destroyed,https://web.archive.org/web/20220303195838/https://i.postimg.cc/V6Xg1gbX/886.png,2022-03-03
Russia,23px-Soviet Union.svg,8 BMP-1,destroyed,https://web.archive.org/web/20220303195838/https://i.postimg.cc/W4X6yy25/443689.png,2022-03-03
Russia,23px-Soviet Union.svg,8 BMP-1,damaged,https://web.archive.org/web/20220303195838/https://i.postimg.cc/vmNpXbHQ/gg2.png,2022-03-03
Russia,23px-Soviet Union.svg,8 BMP-1,abandoned,https://web.archive.org/web/20220303195838/https://i.postimg.cc/nzYYjDN8/Screenshot-8035.png,2022-03-03
Russia,23px-Soviet Union.svg,8 BMP-1,abandoned,https://web.archive.org/web/20220303195838/https://i.postimg.cc/8cZRwV1t/Screenshot-8037.png,2022-03-03
Russia,23px-Soviet Union.svg,8 BMP-1,abandoned,https://web.archive.org/web/20220303195838/https://i.postimg.cc/vTY7Wmd4/Screenshot-8038.png,2022-03-03
Russia,23px-Soviet Union.svg,8 BMP-1,abandoned,https://web.archive.org/web/20220303195838/https://i.postimg.cc/TYfDBCPr/577.png,2022-03-03
Russia,23px-Soviet Union.svg,1 BMP-2,abandoned,https://web.archive.org/web/20220303195838/https://i.postimg.cc/xT3v6qKT/4470.png ,2022-03-03
Russia,23px-Ukraine.svg,13 BTR-4,destroyed,https://web.archive.org/web/20220303195838/https://i.postimg.cc/W42RL0Ld/5554.png,2022-03-03
Russia,23px-Ukraine.svg,13 BTR-4,destroyed,https://web.archive.org/web/20220303195838/https://i.postimg.cc/bYFbd2PW/6658.png,2022-03-03
Russia,23px-Ukraine.svg,13 BTR-4,destroyed,https://web.archive.org/web/20220303195838/https://i.postimg.cc/LXydxZVY/Screenshot-8305.png,2022-03-03
Russia,23px-Ukraine.svg,13 BTR-4,destroyed,https://web.archive.org/web/20220303195838/https://i.postimg.cc/7brvpRmG/665333.png,2022-03-03
Russia,23px-Ukraine.svg,13 BTR-4,destroyed,https://web.archive.org/web/20220303195838/https://i.postimg.cc/jSHryW7b/c8.png,2022-03-03
Russia,23px-Ukraine.svg,13 BTR-4,abandoned,https://web.archive.org/web/20220303195838/https://i.postimg.cc/mkdGX6cb/447.png,2022-03-03
Russia,23px-Ukraine.svg,13 BTR-4,captured,https://web.archive.org/web/20220303195838/https://i.postimg.cc/tCP3NpHR/c1.png,2022-03-03
Russia,23px-Ukraine.svg,13 BTR-4,captured,https://web.archive.org/web/20220303195838/https://i.postimg.cc/htB9C6SL/c2.png,2022-03-03
Russia,23px-Ukraine.svg,13 BTR-4,captured,https://web.archive.org/web/20220303195838/https://i.postimg.cc/wBxnxNsW/5g.png,2022-03-03
Russia,23px-Ukraine.svg,13 BTR-4,captured,https://web.archive.org/web/20220303195838/https://i.postimg.cc/hvD5vnK7/c2.png,2022-03-03
Russia,23px-Ukraine.svg,13 BTR-4,captured,https://web.archive.org/web/20220303195838/https://i.postimg.cc/QCfnWzMY/c3.png,2022-03-03
Russia,23px-Ukraine.svg,13 BTR-4,captured,https://web.archive.org/web/20220303195838/https://i.postimg.cc/Nf0nwQN3/c4.png,2022-03-03
Russia,23px-Ukraine.svg,13 BTR-4,captured,https://web.archive.org/web/20220303195838/https://i.postimg.cc/tCmMq8wY/c5.png,2022-03-03
Russia,23px-Ukraine.svg,5 BTR-3,destroyed,https://web.archive.org/web/20220303195838/https://i.postimg.cc/Cx33pLj5/4482.png,2022-03-03
Russia,23px-Ukraine.svg,5 BTR-3,captured,https://web.archive.org/web/20220303195838/https://i.postimg.cc/wv6zrZdn/Screenshot-8248.png ,2022-03-03
Russia,23px-Ukraine.svg,5 BTR-3,captured,https://web.archive.org/web/20220303195838/https://i.postimg.cc/m2kRmDDP/g789.png,2022-03-03
Russia,23px-Soviet Union.svg,2 BTR-60,captured,https://web.archive.org/web/20220303195838/https://i.postimg.cc/wv5Mw3LL/Screenshot-8388.png,2022-03-03
Russia,23px-Soviet Union.svg,2 BTR-60,captured,https://web.archive.org/web/20220303195838/https://i.postimg.cc/brZyFMTj/f4d.png,2022-03-03
Russia,23px-Soviet Union.svg,4 BTR-70,abandoned,https://web.archive.org/web/20220303195838/https://i.postimg.cc/RCWcTD3F/579.png,2022-03-03
Russia,23px-Soviet Union.svg,4 BTR-70,captured,https://web.archive.org/web/20220303195838/https://i.postimg.cc/9FS2wLRZ/Screenshot-8016.png,2022-03-03
Russia,23px-Soviet Union.svg,4 BTR-70,captured,https://web.archive.org/web/20220303195838/https://i.postimg.cc/hvpjqwCG/Screenshot-8389.png,2022-03-03
Russia,23px-Soviet Union.svg,4 BTR-70,captured,https://web.archive.org/web/20220303195838/https://i.postimg.cc/X7fQsQrh/4438.png,2022-03-03
Russia,23px-Soviet Union.svg,6 BTR-80,destroyed,https://web.archive.org/web/20220303195838/https://i.postimg.cc/Sj0VZnW6/446i.png,2022-03-03
Russia,23px-Soviet Union.svg,6 BTR-80,captured,https://web.archive.org/web/20220303195838/https://i.postimg.cc/k4Pf76VB/v1.png,2022-03-03
Russia,23px-Soviet Union.svg,6 BTR-80,captured,https://web.archive.org/web/20220303195838/https://i.postimg.cc/NM8bFsTb/v2.png,2022-03-03
Russia,23px-Soviet Union.svg,6 BTR-80,captured,https://web.archive.org/web/20220303195838/https://i.postimg.cc/m2wPCdGj/f5.png,2022-03-03
Russia,23px-Soviet Union.svg,6 BTR-80,captured,https://web.archive.org/web/20220303195838/https://i.postimg.cc/vmfmGWrJ/f433.png,2022-03-03
Russia,23px-United Kingdom.svg,1 AT105A 'Saxon',captured,https://web.archive.org/web/20220303195838/https://i.postimg.cc/Y98MS8hs/344.png,2022-03-03
Russia,23px-Ukraine.svg,1 Unknown BTR,abandoned,https://web.archive.org/web/20220303195838/https://i.postimg.cc/524HCBT8/b1.png,2022-03-03
Russia,23px-United States.svg,1 HMMWV,destroyed,https://web.archive.org/web/20220303195838/https://i.postimg.cc/bY3x4Pp9/4478.png,2022-03-03
Russia,23px-Ukraine.svg,1 Novator,captured,https://web.archive.org/web/20220303195838/https://i.postimg.cc/9XsNHnMW/ad4.png,2022-03-03
Russia,23px-Ukraine.svg,6 Varta,captured,https://web.archive.org/web/20220303195838/https://i.postimg.cc/rmJCSVgp/g1.png,2022-03-03
Russia,23px-Ukraine.svg,6 Varta,captured,https://web.archive.org/web/20220303195838/https://i.postimg.cc/MpqsfLzt/66590.png,2022-03-03
Russia,23px-Ukraine.svg,6 Varta,captured,https://web.archive.org/web/20220303195838/https://i.postimg.cc/442p3Kn8/443.png,2022-03-03
Russia,23px-Ukraine.svg,6 Varta,captured,https://web.archive.org/web/20220303195838/https://i.postimg.cc/wj9GFM8d/66579.png,2022-03-03
Russia,23px-Ukraine.svg,6 Varta,captured,https://web.archive.org/web/20220303195838/https://i.postimg.cc/c4jKpNP5/7u.png,2022-03-03
Russia,23px-Ukraine.svg,6 Varta,captured,https://web.archive.org/web/20220303195838/https://i.postimg.cc/VvgqDJDh/7644.png,2022-03-03
Russia,23px-Ukraine.svg,3 Kozak-2,destroyed,https://web.archive.org/web/20220303195838/https://i.postimg.cc/L6pqJk7y/58.png,2022-03-03
Russia,23px-Ukraine.svg,3 Kozak-2,abandoned,https://web.archive.org/web/20220303195838/https://postimg.cc/JD2WNfPx,2022-03-03
Russia,23px-Ukraine.svg,3 Kozak-2,captured,https://web.archive.org/web/20220303195838/https://i.postimg.cc/kMcBVF09/f4.png,2022-03-03
Russia,23px-Soviet Union.svg,2 9M113 Konkurs,captured,https://web.archive.org/web/20220303195838/https://postimg.cc/xqXcSYBj ,2022-03-03
Russia,23px-Ukraine.svg,1 RK-3 Corsar,captured,https://web.archive.org/web/20220303195838/https://i.postimg.cc/h4sVF71y/c56.png,2022-03-03
Russia,23px-United Kingdom.svg,14 MBT LAW 'NLAW',captured,https://web.archive.org/web/20220303195838/https://twitter.com/Caucasuswar/status/1497165090835083293,2022-03-03
Russia,23px-United Kingdom.svg,14 MBT LAW 'NLAW',captured,https://web.archive.org/web/20220303195838/https://i.postimg.cc/RCdVxFvX/772.png,2022-03-03
Russia,23px-United Kingdom.svg,14 MBT LAW 'NLAW',captured,https://web.archive.org/web/20220303195838/https://i.postimg.cc/4xhpF2Yg/5549.png,2022-03-03
Russia,23px-Soviet Union.svg,3 9K38 Igla,captured,https://web.archive.org/web/20220303195838/https://i.postimg.cc/4xhpF2Yg/5549.png,2022-03-03
Russia,23px-Soviet Union.svg,3 9K38 Igla,captured,https://web.archive.org/web/20220303195838/https://i.postimg.cc/DZQBPj2h/fs.png,2022-03-03
Russia,23px-Soviet Union.svg,14 9K310 Igla-1,captured,https://web.archive.org/web/20220303195838/https://postlmg.cc/PNLkmdpw,2022-03-03
Russia,23px-Soviet Union.svg,14 9K310 Igla-1,captured,https://web.archive.org/web/20220303195838/https://i.postimg.cc/4xhpF2Yg/5549.png,2022-03-03
Russia,23px-Soviet Union.svg,14 9K310 Igla-1,captured,https://web.archive.org/web/20220303195838/https://i.postimg.cc/WbYS8JPd/2gh.png,2022-03-03
Russia,23px-Soviet Union.svg,2 100mm MT-12 anti-tank gun,abandoned,https://web.archive.org/web/20220303195838/https://i.postimg.cc/MGrVpjLq/n2.png,2022-03-03
Russia,23px-Soviet Union.svg,2 100mm MT-12 anti-tank gun,captured,https://web.archive.org/web/20220303195838/https://i.postimg.cc/rwkdKVj0/g5d.png,2022-03-03
Russia,23px-Soviet Union.svg,2 152mm 2A65 Msta-B howitzer,abandoned,https://web.archive.org/web/20220303195838/https://i.postimg.cc/zfBM7CWN/Screenshot-8227.png,2022-03-03
Russia,23px-Soviet Union.svg,2 152mm 2A65 Msta-B howitzer,abandoned,https://web.archive.org/web/20220303195838/https://i.postimg.cc/gj9TG17c/Screenshot-8228.png,2022-03-03
Russia,23px-Soviet Union.svg,6 122mm 2S1 Gvozdika,destroyed,https://web.archive.org/web/20220303195838/https://i.postimg.cc/43cbmftq/4466.png,2022-03-03
Russia,23px-Soviet Union.svg,6 122mm 2S1 Gvozdika,destroyed,https://web.archive.org/web/20220303195838/https://i.postimg.cc/R0r6NcvQ/5577.png,2022-03-03
Russia,23px-Soviet Union.svg,6 122mm 2S1 Gvozdika,abandoned,https://web.archive.org/web/20220303195838/https://i.postimg.cc/MKTfGGmK/334.png,2022-03-03
Russia,23px-Soviet Union.svg,6 122mm 2S1 Gvozdika,captured,https://web.archive.org/web/20220303195838/https://i.postimg.cc/x1nDQ4cP/Screenshot-8055.png,2022-03-03
Russia,23px-Soviet Union.svg,6 122mm 2S1 Gvozdika,captured,https://web.archive.org/web/20220303195838/https://postimg.cc/dh3pzgQm,2022-03-03
Russia,23px-Soviet Union.svg,6 122mm 2S1 Gvozdika,captured,https://web.archive.org/web/20220303195838/https://i.postimg.cc/v80csqYp/f67.png,2022-03-03
Russia,23px-Soviet Union.svg,1 23mm ZU-23,captured,https://web.archive.org/web/20220303195838/https://i.postimg.cc/2SDv44Hd/nm8.png,2022-03-03
Russia,23px-Soviet Union.svg,1 5P85D (launcher for S-300PS),destroyed,https://web.archive.org/web/20220303195838/https://i.postimg.cc/50rg9crH/4488.png,2022-03-03
Russia,23px-Soviet Union.svg,4 9K33 Osa,destroyed,https://web.archive.org/web/20220303195838/https://i.postimg.cc/wM1d9gZR/b8.png,2022-03-03
Russia,23px-Soviet Union.svg,4 9K33 Osa,destroyed,https://web.archive.org/web/20220303195838/https://i.postimg.cc/ncjkcdJN/589.png,2022-03-03
Russia,23px-Soviet Union.svg,4 9K33 Osa,destroyed,https://web.archive.org/web/20220303195838/https://i.postimg.cc/9F6xPsMT/5547.png,2022-03-03
Russia,23px-Soviet Union.svg,4 9K33 Osa,destroyed,https://web.archive.org/web/20220303195838/https://i.postimg.cc/bNHKQS1X/d12.png,2022-03-03
Russia,23px-Soviet Union.svg,2 9K35 Strela-10,destroyed,https://web.archive.org/web/20220303195838/https://i.postimg.cc/XqQbB43w/4436.png ,2022-03-03
Russia,23px-Soviet Union.svg,1 Buk-M1,destroyed,https://web.archive.org/web/20220303195838/https://i.postimg.cc/65Hjk0rQ/5542.png,2022-03-03
Russia,23px-Soviet Union.svg,1 P-14 'Tall King',damaged,https://web.archive.org/web/20220303195838/https://i.postimg.cc/rpWmrPLb/57.png,2022-03-03
Russia,23px-Soviet Union.svg,1 P-35/37 'Bar Lock',destroyed,https://web.archive.org/web/20220303195838/https://i.postimg.cc/WpShQwBk/5547.png,2022-03-03
Russia,23px-Soviet Union.svg,1 PRV-13 'Odd Pair',destroyed,https://web.archive.org/web/20220303195838/https://i.postimg.cc/pXwx79Lj/557.png,2022-03-03
Russia,23px-Soviet Union.svg,2 1L22 'Parol',destroyed,https://web.archive.org/web/20220303195838/https://i.postimg.cc/SRjk0C96/6659.png,2022-03-03
Russia,23px-Soviet Union.svg,2 1L22 'Parol',damaged,https://web.archive.org/web/20220303195838/https://postimg.cc/9Dcvz02c,2022-03-03
Russia,23px-Soviet Union.svg,2 Su-27 fighter aircraft,destroyed,https://web.archive.org/web/20220303195838/https://i.postimg.cc/XYtMphyC/5h.png,2022-03-03
Russia,23px-Soviet Union.svg,2 Su-27 fighter aircraft,destroyed,https://web.archive.org/web/20220303195838/https://i.postimg.cc/bN1TbkjC/46.png,2022-03-03
Russia,23px-Soviet Union.svg,2 Su-25 attack aircraft,destroyed,https://web.archive.org/web/20220303195838/https://i.postimg.cc/YC63jp5h/p1.png,2022-03-03
Russia,23px-Soviet Union.svg,2 Su-25 attack aircraft,destroyed,https://web.archive.org/web/20220303195838/https://i.postimg.cc/zfqkgsNp/p2.png,2022-03-03
Russia,23px-Soviet Union.svg,1 An-26 transport aircraft,destroyed,https://web.archive.org/web/20220303195838/https://i.postimg.cc/rmdB2PLQ/489.png,2022-03-03
Russia,23px-Ukraine.svg,6 KrAZ-6322,destroyed,https://web.archive.org/web/20220303195838/https://i.postimg.cc/0QMkBhwk/Screenshot-8021.png,2022-03-03
Russia,23px-Ukraine.svg,6 KrAZ-6322,captured,https://web.archive.org/web/20220303195838/https://postimg.cc/0zzW9YYS,2022-03-03
Russia,23px-Ukraine.svg,6 KrAZ-6322,captured,https://web.archive.org/web/20220303195838/https://postimg.cc/G9jSKh34,2022-03-03
Russia,23px-Ukraine.svg,6 KrAZ-6322,captured,https://web.archive.org/web/20220303195838/https://postimg.cc/v4CPT4hN,2022-03-03
Russia,23px-Ukraine.svg,6 KrAZ-6322,captured,https://web.archive.org/web/20220303195838/https://postimg.cc/dLpRmzC7,2022-03-03
Russia,23px-Ukraine.svg,6 KrAZ-6322,captured,https://web.archive.org/web/20220303195838/https://postimg.cc/jC9nGySm,2022-03-03
Russia,23px-Soviet Union.svg,10 GAZ-66,destroyed,https://web.archive.org/web/20220303195838/https://postimg.cc/PP20VdH5,2022-03-03
Russia,23px-Soviet Union.svg,10 GAZ-66,destroyed,https://web.archive.org/web/20220303195838/https://i.postimg.cc/hjdXLc6L/4f.png,2022-03-03
Russia,23px-Soviet Union.svg,10 GAZ-66,damaged,https://web.archive.org/web/20220303195838/https://i.postimg.cc/gjhmvGsF/g3.png,2022-03-03
Russia,23px-Soviet Union.svg,10 GAZ-66,damaged,https://web.archive.org/web/20220303195838/https://i.postimg.cc/YC0mqTkH/58.png,2022-03-03
Russia,23px-Soviet Union.svg,10 GAZ-66,damaged,https://web.archive.org/web/20220303195838/https://i.postimg.cc/gj9TG17c/Screenshot-8228.png,2022-03-03
Russia,23px-Soviet Union.svg,10 GAZ-66,abandoned,https://web.archive.org/web/20220303195838/https://i.postimg.cc/qvyKsBvd/Screenshot-8260.png,2022-03-03
Russia,23px-Soviet Union.svg,10 GAZ-66,captured,https://web.archive.org/web/20220303195838/https://i.postimg.cc/9MGPZgQM/Screenshot-8017.png,2022-03-03
Russia,23px-Soviet Union.svg,10 GAZ-66,captured,https://web.archive.org/web/20220303195838/https://i.postimg.cc/1RVZrFkD/Screenshot-8053.png,2022-03-03
Russia,23px-Soviet Union.svg,10 GAZ-66,captured,https://web.archive.org/web/20220303195838/https://i.postimg.cc/jdz0Gbd5/Screenshot-8054.png,2022-03-03
Russia,23px-Soviet Union.svg,10 GAZ-66,captured,https://web.archive.org/web/20220303195838/https://i.postimg.cc/R0vMzqRd/g544.png,2022-03-03
Russia,23px-Soviet Union.svg,6 ZiL-131,destroyed,https://web.archive.org/web/20220303195838/https://i.postimg.cc/t4mkVgHr/36.png,2022-03-03
Russia,23px-Soviet Union.svg,6 ZiL-131,destroyed,https://web.archive.org/web/20220303195838/https://i.postimg.cc/kgPHnGM8/j8.png,2022-03-03
Russia,23px-Soviet Union.svg,6 ZiL-131,destroyed,https://web.archive.org/web/20220303195838/https://i.postimg.cc/yxvN7tc3/69.png,2022-03-03
Russia,23px-Soviet Union.svg,6 ZiL-131,destroyed,https://web.archive.org/web/20220303195838/https://i.postimg.cc/TPjprZk7/g7889.png,2022-03-03
Russia,23px-Soviet Union.svg,6 ZiL-131,abandoned,https://web.archive.org/web/20220303195838/https://i.postimg.cc/0j3LGCqH/Screenshot-8103.png,2022-03-03
Russia,23px-Soviet Union.svg,6 ZiL-131,captured,https://web.archive.org/web/20220303195838/https://i.postimg.cc/P5Y9S2VJ/d23.png,2022-03-03
Russia,23px-Soviet Union.svg,2 Ural-375D,destroyed,https://web.archive.org/web/20220303195838/https://i.postimg.cc/3wXqjPj0/Screenshot-8077.png,2022-03-03
Russia,23px-Soviet Union.svg,2 Ural-375D,captured,https://web.archive.org/web/20220303195838/https://i.postimg.cc/FKC8wRyc/Screenshot-8025.png,2022-03-03
Russia,23px-Soviet Union.svg,3 Ural-4320,destroyed,https://web.archive.org/web/20220303195838/https://postimg.cc/yJNnspb7,2022-03-03
Russia,23px-Soviet Union.svg,3 Ural-4320,destroyed,https://web.archive.org/web/20220303195838/https://i.postimg.cc/vmqnP67C/223.png,2022-03-03
Russia,23px-Soviet Union.svg,3 Ural-4320,captured,https://web.archive.org/web/20220303195838/https://i.postimg.cc/2SHMm16F/456.png,2022-03-03
Russia,23px-Soviet Union.svg,1 KamAZ,destroyed,https://web.archive.org/web/20220303195838/https://i.postimg.cc/6pr9sdqZ/Screenshot-8019.png,2022-03-03
Russia,23px-Soviet Union.svg,1 MAZ-537,destroyed,https://web.archive.org/web/20220303195838/https://i.postimg.cc/25RJZzWf/Screenshot-8076.png,2022-03-03
Russia,23px-Belarus.svg,9 MAZ,destroyed,https://web.archive.org/web/20220303195838/https://i.postimg.cc/nL8S357x/6h.png,2022-03-03
Russia,23px-Belarus.svg,9 MAZ,destroyed,https://web.archive.org/web/20220303195838/https://i.postimg.cc/26dvvmgq/t12.png,2022-03-03
Russia,23px-Belarus.svg,9 MAZ,destroyed,https://web.archive.org/web/20220303195838/https://i.postimg.cc/g25vbgv0/t11.png,2022-03-03
Russia,23px-Belarus.svg,9 MAZ,destroyed,https://web.archive.org/web/20220303195838/https://i.postimg.cc/52g8DrqH/n1.png,2022-03-03
Russia,23px-Belarus.svg,9 MAZ,destroyed,https://web.archive.org/web/20220303195838/https://i.postimg.cc/5NBFhrqB/223.png,2022-03-03
Russia,23px-Belarus.svg,9 MAZ,destroyed,https://web.archive.org/web/20220303195838/https://i.postimg.cc/DfttyLxg/4r.png,2022-03-03
Russia,23px-Belarus.svg,9 MAZ,destroyed,https://web.archive.org/web/20220303195838/https://i.postimg.cc/L6dvbgC5/v48.png,2022-03-03
Russia,23px-Belarus.svg,9 MAZ,damaged,https://web.archive.org/web/20220303195838/https://i.postimg.cc/9fRbHBdp/f3.png,2022-03-03
Russia,23px-Belarus.svg,9 MAZ,abandoned,https://web.archive.org/web/20220303195838/https://i.postimg.cc/ZRVpWfKB/Screenshot-8260.png,2022-03-03
Russia,23px-Soviet Union.svg,1 UAZ-469,captured,https://web.archive.org/web/20220303195838/https://i.postimg.cc/tgpMs65F/Screenshot-8026.png,2022-03-03
Russia,23px-Ukraine.svg,7 Unknown truck,destroyed,https://web.archive.org/web/20220303195838/https://i.postimg.cc/vBdfY7td/Screenshot-8019.png,2022-03-03
Russia,23px-Ukraine.svg,7 Unknown truck,destroyed,https://web.archive.org/web/20220303195838/https://i.postimg.cc/gj9TG17c/Screenshot-8228.png,2022-03-03
Russia,23px-Ukraine.svg,7 Unknown truck,destroyed,https://web.archive.org/web/20220303195838/https://i.postimg.cc/jScSwHTb/Screenshot-8020.png,2022-03-03
Russia,23px-Ukraine.svg,7 Unknown truck,damaged,https://web.archive.org/web/20220303195838/https://i.postimg.cc/3Jzj3bLL/bnm.png,2022-03-03
Russia,23px-Ukraine.svg,7 Unknown truck,abandoned,https://web.archive.org/web/20220303195838/https://i.postimg.cc/28tzT4wY/54.png,2022-03-03
Russia,23px-Ukraine.svg,7 Unknown truck,captured,https://web.archive.org/web/20220303195838/https://i.postimg.cc/JnP8Cxr0/Screenshot-8249.png,2022-03-03
